site,pid,hab,method,secs,area_ha,win_px,res,area_ratio,iou_orig,edge_pct,contrast,in_std,compact
millbrook,0,DWOOD,orig,0.0,0.042445998500073266,138351,0.2999328380672917,1.0,1.0,0.5770157028672663,0.24522404372692108,0.09958407282829285,2.780252670569697
millbrook,0,DWOOD,grabcut,0.62,0.042445998500073266,138351,0.2999328380672917,1.519711742263671,0.5483198749674394,0.8022714712927697,0.523277997970581,0.08700141310691833,2.0617002359618946
millbrook,0,DWOOD,grabcut2,0.66,0.042445998500073266,138351,0.2999328380672917,1.5002119542178889,0.5478283689804487,0.7932842537403211,0.5024720430374146,0.07481449842453003,2.0499125190026977
millbrook,0,DWOOD,superpixel,4.08,0.042445998500073266,138351,0.2999328380672917,0.9974565493853328,0.9974565493853328,0.5786789840399187,0.2464325726032257,0.09967688471078873,2.6651350856109786
millbrook,0,DWOOD,pixelclf,1.76,0.042445998500073266,138351,0.2999328380672917,0.8876642645188639,0.41679923639834554,0.5700370227879668,0.15048475563526154,0.06977351009845734,15.943160211427095
millbrook,0,DWOOD,watershed,0.07,0.042445998500073266,138351,0.2999328380672917,1.9813480288257737,0.46292251690067604,0.876334861218825,0.6852948665618896,0.15676382184028625,2.993510728675754
millbrook,0,DWOOD,randomwalker,0.1,0.042445998500073266,138351,0.2999328380672917,2.584781687155574,0.3843824179422117,0.5215388279868204,0.27548784017562866,0.2884255051612854,1.2347722060911805
millbrook,0,DWOOD,gac,1.24,0.042445998500073266,138351,0.2999328380672917,1.1275964391691395,0.8340946464461904,0.684205543848671,0.3317793905735016,0.10687040537595749,2.4052889101616413
millbrook,1,DWOOD,orig,0.0,0.6655653944364446,624016,0.2999328380672917,1.0,1.0,0.5354895180151353,0.23975500464439392,0.06322039663791656,3.242024896761471
millbrook,1,DWOOD,grabcut,2.82,0.6655653944364446,624016,0.2999328380672917,1.7055952847660634,0.5760623050996945,0.7836695091661801,0.6551924347877502,0.05862104147672653,2.1214831168220276
millbrook,1,DWOOD,grabcut2,3.23,0.6655653944364446,624016,0.2999328380672917,1.716504670623065,0.5724122820745563,0.7803359148282203,0.6666688323020935,0.05851101875305176,2.0965215238577475
millbrook,1,DWOOD,superpixel,12.6,0.6655653944364446,624016,0.2999328380672917,0.1051870276992957,0.09977534740438812,0.5058569355679604,0.15005454421043396,0.06306188553571701,8.845463968653148
millbrook,1,DWOOD,pixelclf,3.18,0.6655653944364446,624016,0.2999328380672917,1.4380517215740878,0.4905451419881649,0.5790828115006317,0.28382131457328796,0.04925181716680527,81.65987776018892
millbrook,1,DWOOD,watershed,0.42,0.6655653944364446,624016,0.2999328380672917,0.7423519392210671,0.5051090117127743,0.8387924228897711,0.1383436620235443,0.06322553753852844,4.158472832742598
millbrook,1,DWOOD,randomwalker,0.66,0.6655653944364446,624016,0.2999328380672917,0.5600962513349466,0.5314843076106429,0.538144357066439,0.06495746225118637,0.056390486657619476,1.1446925034234428
millbrook,1,DWOOD,gac,5.4,0.6655653944364446,624016,0.2999328380672917,0.9997161126356914,0.9628592659430483,0.581396281363399,0.2335868626832962,0.06297998130321503,3.3256608174346898
millbrook,2,DWOOD,orig,0.0,4.710843751410352,1707827,0.5998656761345834,1.0,1.0,0.5939403819610117,0.261170357465744,0.09399707615375519,8.040334468985264
millbrook,2,DWOOD,grabcut,3.56,4.710843751410352,1707827,0.5998656761345834,1.009881770311891,0.6379563771347426,0.7843679286040117,0.47670215368270874,0.06072349473834038,3.6503283444631087
millbrook,2,DWOOD,grabcut2,3.47,4.710843751410352,1707827,0.5998656761345834,1.0053497596429417,0.6414397958162346,0.7844036555127222,0.46996650099754333,0.06040153652429581,3.6697629477275733
millbrook,2,DWOOD,superpixel,23.21,4.710843751410352,1707827,0.5998656761345834,0.8755875182465016,0.6123236012929335,0.6721504942714532,0.2184675633907318,0.052965644747018814,51.31195554100733
millbrook,2,DWOOD,pixelclf,2.75,4.710843751410352,1707827,0.5998656761345834,1.0406046756899279,0.710727969348659,0.6178294269609683,0.23016619682312012,0.05335835739970207,27.239579493339086
millbrook,2,DWOOD,watershed,1.49,4.710843751410352,1707827,0.5998656761345834,1.1702599218935092,0.6736329667479991,0.8884352736187617,0.7735598683357239,0.09507999569177628,6.731436101340881
millbrook,2,DWOOD,randomwalker,0.3,4.710843751410352,1707827,0.5998656761345834,0.7356913035835747,0.6192418203726017,0.6339851429979042,0.3319600522518158,0.07895918190479279,3.604057676444907
millbrook,2,DWOOD,gac,7.75,4.710843751410352,1707827,0.5998656761345834,1.0080704945470664,0.9490249311999762,0.6595993426788876,0.3944564461708069,0.07179711014032364,8.905333409405078
millbrook,3,DWOOD,orig,0.0,0.4697749956899808,387810,0.2999328380672917,1.0,1.0,0.6004736190534679,0.27518513798713684,0.09935512393712997,4.224805256074933
millbrook,3,DWOOD,grabcut,3.35,0.4697749956899808,387810,0.2999328380672917,0.9598215140663002,0.5697631611240643,0.8807200347557661,0.6504900455474854,0.10436035692691803,1.0832977309300464
millbrook,3,DWOOD,grabcut2,3.07,0.4697749956899808,387810,0.2999328380672917,0.6943332631135454,0.5048987923116176,0.8490179423187141,0.5981171727180481,0.08563002198934555,1.140987212762494
millbrook,3,DWOOD,superpixel,8.39,0.4697749956899808,387810,0.2999328380672917,0.209452860179635,0.183767572633552,0.68506415771,0.14638343453407288,0.07367183268070221,6.817774590643691
millbrook,3,DWOOD,pixelclf,2.14,0.4697749956899808,387810,0.2999328380672917,1.1575923549801788,0.504661039585448,0.6561726729186506,0.6658383011817932,0.08148929476737976,42.50353268152388
millbrook,3,DWOOD,watershed,0.25,0.4697749956899808,387810,0.2999328380672917,1.0941455847712431,0.5334885286363381,0.9059446974663743,0.9121530652046204,0.09824914485216141,1.6427170222359144
millbrook,3,DWOOD,randomwalker,0.53,0.4697749956899808,387810,0.2999328380672917,0.5494953750694218,0.5315741652154161,0.6075057228272527,0.08461426198482513,0.10953787714242935,0.7908546849808753
millbrook,3,DWOOD,gac,3.4,0.4697749956899808,387810,0.2999328380672917,1.003906773656089,0.9496916283142969,0.6474505097280292,0.34724563360214233,0.09880321472883224,4.601319357336995
millbrook,4,DWOOD,orig,0.0,0.08853336104990175,396952,0.2999328380672917,1.0,1.0,0.7244782053765824,0.5708643794059753,0.06273619085550308,12.452505622740603
millbrook,4,DWOOD,grabcut,1.4,0.08853336104990175,396952,0.2999328380672917,1.9702829228577243,0.24641270925862657,0.8451144089358994,0.39966312050819397,0.05269435793161392,3.6088095617626097
millbrook,4,DWOOD,grabcut2,1.35,0.08853336104990175,396952,0.2999328380672917,1.9398534500305313,0.24830387623698197,0.8480539073955502,0.3919146955013275,0.052241820842027664,3.7916675859227524
millbrook,4,DWOOD,superpixel,8.23,0.08853336104990175,396952,0.2999328380672917,0.9985752086301649,0.9985752086301649,0.7238043247793514,0.5703201293945312,0.06272240728139877,12.289909993817655
millbrook,4,DWOOD,pixelclf,2.54,0.08853336104990175,396952,0.2999328380672917,1.1863423570120089,0.34076015727391873,0.7200275230508806,0.6740986704826355,0.054524801671504974,41.614580339942236
millbrook,4,DWOOD,watershed,0.25,0.08853336104990175,396952,0.2999328380672917,2.073987380419296,0.34000266181624594,0.9014903120078887,0.1656605303287506,0.2997867465019226,7.818440697094317
millbrook,4,DWOOD,randomwalker,0.28,0.08853336104990175,396952,0.2999328380672917,2.4706900061062487,0.26241948619234473,0.7029337529671262,0.25663191080093384,0.29986488819122314,2.134726233341306
millbrook,4,DWOOD,gac,3.43,0.08853336104990175,396952,0.2999328380672917,1.2777325463057194,0.7273288569885005,0.7806734442221331,0.6721948385238647,0.09278655052185059,10.645925483721102
millbrook,5,DWOOD,orig,0.0,1.6914090643252675,720318,0.2999328380672917,1.0,1.0,0.5976145029155931,0.2555757164955139,0.09654677659273148,1.7995670357508764
millbrook,5,DWOOD,grabcut,4.97,1.6914090643252675,720318,0.2999328380672917,0.9563446053037475,0.7827515679070984,0.8037126620917533,0.2960309088230133,0.06777646392583847,1.4934634813266061
millbrook,5,DWOOD,grabcut2,4.44,1.6914090643252675,720318,0.2999328380672917,1.0601059473029177,0.8092419939464146,0.8102865565304811,0.2786904275417328,0.07009737193584442,1.7273013254952514
millbrook,5,DWOOD,superpixel,16.04,1.6914090643252675,720318,0.2999328380672917,0.9512227552681126,0.6898200393361676,0.6587933076747416,0.42509597539901733,0.06430276483297348,11.262041179209556
millbrook,5,DWOOD,pixelclf,3.73,1.6914090643252675,720318,0.2999328380672917,1.0193651671648458,0.7199411098527746,0.5641152672212406,0.48578667640686035,0.06306026875972748,10.973776881024541
millbrook,5,DWOOD,watershed,0.63,1.6914090643252675,720318,0.2999328380672917,1.04315544256401,0.789299138770244,0.8790689822739081,0.27612408995628357,0.12807947397232056,3.2863322635789016
millbrook,5,DWOOD,randomwalker,0.75,1.6914090643252675,720318,0.2999328380672917,0.9241561978108479,0.8773663234805712,0.5642438593057826,0.09547074884176254,0.08878450095653534,0.96955246204238
millbrook,5,DWOOD,gac,6.36,1.6914090643252675,720318,0.2999328380672917,1.0074673701454115,0.9784355556487417,0.6494069228698555,0.2709478735923767,0.09753698110580444,1.7775765059038526
millbrook,6,DWOOD,orig,0.0,0.04033630430005902,148379,0.2999328380672917,1.0,1.0,0.5701692696905608,0.28941625356674194,0.05196237936615944,3.515130225939391
millbrook,6,DWOOD,grabcut,1.05,0.04033630430005902,148379,0.2999328380672917,3.9413339281730986,0.25124265702666065,0.8711995525751781,0.09578558057546616,0.05761261656880379,1.3822853164862794
millbrook,6,DWOOD,grabcut2,1.12,0.04033630430005902,148379,0.2999328380672917,3.6680794111086326,0.2530387401951979,0.8788980438204643,0.30135902762413025,0.05577201023697853,1.4373934861308142
millbrook,6,DWOOD,superpixel,4.23,0.04033630430005902,148379,0.2999328380672917,0.9926388579076512,0.9926388579076512,0.560068241233852,0.30935612320899963,0.05177106708288193,3.2148583201447836
millbrook,6,DWOOD,pixelclf,1.99,0.04033630430005902,148379,0.2999328380672917,0.9828240017845193,0.3312865059158305,0.531223422410169,0.4892866611480713,0.03724018856883049,19.235569009476027
millbrook,6,DWOOD,watershed,0.08,0.04033630430005902,148379,0.2999328380672917,3.505688155253179,0.26393842688192226,0.891343530178751,0.4386078417301178,0.0761261060833931,2.7205459474071443
millbrook,6,DWOOD,randomwalker,0.09,0.04033630430005902,148379,0.2999328380672917,2.8527771581530224,0.34600997506234416,0.568128781261382,0.11652185022830963,0.058786626905202866,1.3166465696397316
millbrook,6,DWOOD,gac,1.3,0.04033630430005902,148379,0.2999328380672917,1.058889136738791,0.8620133145047407,0.6145498629701445,0.32539433240890503,0.05313880369067192,3.275031209417005
millbrook,7,DWOOD,orig,0.0,1.9673447735000908,1068210,0.2999328380672917,1.0,1.0,0.5515864647126778,0.09122742712497711,0.0554145872592926,2.4127796655037486
millbrook,7,DWOOD,grabcut,5.88,1.9673447735000908,1068210,0.2999328380672917,1.36201180672096,0.712208801262248,0.8099368638545581,0.4476844370365143,0.05062491446733475,2.267061461200092
millbrook,7,DWOOD,grabcut2,6.45,1.9673447735000908,1068210,0.2999328380672917,1.3625696765726671,0.7121251284090533,0.8112085432426617,0.4479151666164398,0.050611916929483414,2.264577661100012
millbrook,7,DWOOD,superpixel,27.75,1.9673447735000908,1068210,0.2999328380672917,1.1341082541874534,0.6359576556365676,0.6725710622111475,0.14826589822769165,0.04703642427921295,49.917236107757006
millbrook,7,DWOOD,pixelclf,5.12,1.9673447735000908,1068210,0.2999328380672917,1.399507977081609,0.6650198788548003,0.5788742740565112,0.6378320455551147,0.048096366226673126,12.787790033116346
millbrook,7,DWOOD,watershed,1.1,1.9673447735000908,1068210,0.2999328380672917,1.2202442738317885,0.7038987928130264,0.8750565131819353,0.4513773024082184,0.05964253097772598,4.742711619921959
millbrook,7,DWOOD,randomwalker,0.92,1.9673447735000908,1068210,0.2999328380672917,0.9408429322005222,0.8983853654173003,0.539635845645961,0.10113606601953506,0.049374379217624664,1.9078454368277538
millbrook,7,DWOOD,gac,9.37,1.9673447735000908,1068210,0.2999328380672917,1.004764757258024,0.9786617563432533,0.6059823200333424,0.10570402443408966,0.05377031862735748,2.7667816150642848
millbrook,8,DWOOD,orig,0.0,0.9587119353655297,595653,0.2999328380672917,1.0,1.0,0.6510208222555203,0.250974178314209,0.07666429877281189,1.976670820557131
millbrook,8,DWOOD,grabcut,2.47,0.9587119353655297,595653,0.2999328380672917,1.166596289727782,0.6960018804310301,0.8519229888705732,0.2574893832206726,0.06545013934373856,2.352246767146996
millbrook,8,DWOOD,grabcut2,2.31,0.9587119353655297,595653,0.2999328380672917,1.1605814073511058,0.6985548514646975,0.8541268746973786,0.2746001183986664,0.0651288777589798,2.459105493809938
millbrook,8,DWOOD,superpixel,12.51,0.9587119353655297,595653,0.2999328380672917,0.9453593446499451,0.6083148438348512,0.7521955819118012,0.6002283692359924,0.05989095941185951,27.45852938178205
millbrook,8,DWOOD,pixelclf,3.16,0.9587119353655297,595653,0.2999328380672917,1.1840216197956255,0.6828067384860097,0.6697035459560136,0.4957002103328705,0.06255365908145905,17.19123192307031
millbrook,8,DWOOD,watershed,0.34,0.9587119353655297,595653,0.2999328380672917,0.8141204290178194,0.6415113563999151,0.9214082668075423,0.17377237975597382,0.12894035875797272,3.8885105883712052
millbrook,8,DWOOD,randomwalker,0.64,0.9587119353655297,595653,0.2999328380672917,0.7771584607155927,0.7601464697627301,0.6403277571401631,0.10362063348293304,0.07740046828985214,1.059322664292961
millbrook,8,DWOOD,gac,5.23,0.9587119353655297,595653,0.2999328380672917,1.0144038134917284,0.9680506788657762,0.7262385038615936,0.3263360559940338,0.07250483334064484,2.057884132079355
millbrook,9,DWOOD,orig,0.0,0.16157965616545633,250416,0.2999328380672917,1.0,1.0,0.5739430357116527,0.19427980482578278,0.04692662134766579,2.34786988141221
millbrook,9,DWOOD,grabcut,0.82,0.16157965616545633,250416,0.2999328380672917,1.9065300896286812,0.4885245901639344,0.8563288936058325,0.4001028537750244,0.04089074954390526,2.735439277620762
millbrook,9,DWOOD,grabcut2,0.81,0.16157965616545633,250416,0.2999328380672917,1.8822579747258252,0.47592576755323696,0.8590649122992979,0.41319936513900757,0.04013722389936447,2.77071334597256
millbrook,9,DWOOD,superpixel,6.11,0.16157965616545633,250416,0.2999328380672917,0.5404442465067082,0.3602221894509168,0.6229608022785065,0.34149208664894104,0.0355556346476078,12.100767710436402
millbrook,9,DWOOD,pixelclf,2.33,0.16157965616545633,250416,0.2999328380672917,1.7875076546233926,0.42391582539456846,0.6521128851174779,0.5072415471076965,0.03613755479454994,10.79464225494135
millbrook,9,DWOOD,watershed,0.27,0.16157965616545633,250416,0.2999328380672917,1.601514223682013,0.5794436745868118,0.9026521661751995,0.3228033483028412,0.06485830247402191,3.936963181322945
millbrook,9,DWOOD,randomwalker,0.17,0.16157965616545633,250416,0.2999328380672917,1.5484607248232478,0.6167973440700714,0.5919020080195493,0.21213755011558533,0.06292638927698135,1.466685897999617
millbrook,9,DWOOD,gac,2.2,0.16157965616545633,250416,0.2999328380672917,1.019707175861493,0.9428081824997322,0.6349069751108758,0.1931217908859253,0.05290720611810684,2.483015219603906
millbrook,10,DWOOD,orig,0.0,1.3266043873202586,532228,0.2999328380672917,1.0,1.0,0.639392392491294,0.10639344155788422,0.08946997672319412,1.7523330185462618
millbrook,10,DWOOD,grabcut,2.55,1.3266043873202586,532228,0.2999328380672917,1.2210656232410841,0.7391108113992003,0.8568987090649416,0.5531744956970215,0.0866602435708046,1.7448729118642057
millbrook,10,DWOOD,grabcut2,2.53,1.3266043873202586,532228,0.2999328380672917,1.242067501678387,0.7278841882463613,0.8533693659753255,0.5869174599647522,0.0871117115020752,1.8045554503337928
millbrook,10,DWOOD,superpixel,12.74,1.3266043873202586,532228,0.2999328380672917,1.2398432149081464,0.6954499722809683,0.7386243698277539,0.5075429081916809,0.08407969027757645,10.40777798816314
millbrook,10,DWOOD,pixelclf,2.36,1.3266043873202586,532228,0.2999328380672917,1.2673891077761879,0.7078672346685464,0.6655954265005559,0.6464584469795227,0.08264991641044617,6.569617111059221
millbrook,10,DWOOD,watershed,0.37,1.3266043873202586,532228,0.2999328380672917,1.0836616642818877,0.7914120802238805,0.909532073476463,0.461467444896698,0.0983424186706543,2.632032839089007
millbrook,10,DWOOD,randomwalker,0.66,1.3266043873202586,532228,0.2999328380672917,0.8637827794090721,0.8358950722430413,0.628257769111488,0.03562987595796585,0.08738190680742264,1.2262493776524435
millbrook,10,DWOOD,gac,4.82,1.3266043873202586,532228,0.2999328380672917,1.0068559570875406,0.9777654512403764,0.6873170563072485,0.19101019203662872,0.08999272435903549,1.8662207155073733
millbrook,11,DWOOD,orig,0.0,0.2070589935649336,331520,0.2999328380672917,1.0,1.0,0.6729414312432695,0.42295247316360474,0.15373146533966064,2.35365968064317
millbrook,11,DWOOD,grabcut,1.29,0.2070589935649336,331520,0.2999328380672917,1.0023031461845993,0.6306401953498249,0.8801692416779068,0.5721230506896973,0.10125114023685455,2.857060662787742
millbrook,11,DWOOD,grabcut2,1.11,0.2070589935649336,331520,0.2999328380672917,0.9049191726055971,0.644754615038271,0.8729319138855745,0.5787325501441956,0.09422380477190018,2.457959470238174
millbrook,11,DWOOD,superpixel,7.11,0.2070589935649336,331520,0.2999328380672917,0.2039805318964019,0.2039805318964019,0.5583716232823395,0.24177584052085876,0.08044170588254929,4.99858072174076
millbrook,11,DWOOD,pixelclf,2.34,0.2070589935649336,331520,0.2999328380672917,0.8842777681209804,0.3703621768535491,0.6386973290170802,0.12281552702188492,0.07280445098876953,40.90035667580763
millbrook,11,DWOOD,watershed,0.24,0.2070589935649336,331520,0.2999328380672917,1.2738571180253782,0.6654783881851168,0.9061559361052182,0.6087850332260132,0.11306034028530121,3.7351760539927747
millbrook,11,DWOOD,randomwalker,0.25,0.2070589935649336,331520,0.2999328380672917,1.3144446375803929,0.6962863876680043,0.5599328274384615,0.09881388396024704,0.2793470025062561,1.9007776775967729
millbrook,11,DWOOD,gac,2.87,0.2070589935649336,331520,0.2999328380672917,0.9555449330783938,0.904642993185762,0.7569204242906148,0.5696187615394592,0.10416825860738754,2.8280636956846648
millbrook,12,DWOOD,orig,0.0,1.104746217074816,501772,0.2999328380672917,1.0,1.0,0.6411831787731906,0.3358675539493561,0.13669322431087494,2.4390062454524095
millbrook,12,DWOOD,grabcut,3.06,1.104746217074816,501772,0.2999328380672917,1.3684270532187792,0.7027675806064438,0.8751524275692065,0.7751425504684448,0.14196807146072388,2.108398563817953
millbrook,12,DWOOD,grabcut2,3.75,1.104746217074816,501772,0.2999328380672917,1.1785170405961154,0.699486045728589,0.8685731193051262,0.7586459517478943,0.12608091533184052,2.4784124060326134
millbrook,12,DWOOD,superpixel,11.32,1.104746217074816,501772,0.2999328380672917,0.8391546887088237,0.5434806380623026,0.7392263520153918,0.4553828239440918,0.09846515953540802,41.120285330801224
millbrook,12,DWOOD,pixelclf,2.67,1.104746217074816,501772,0.2999328380672917,1.1286534468015799,0.641317384069574,0.694782266730472,0.572545051574707,0.10115120559930801,24.754296990964665
millbrook,12,DWOOD,watershed,0.31,1.104746217074816,501772,0.2999328380672917,1.0052445132130787,0.7768749503885927,0.908953628211905,0.6141557693481445,0.1215817853808403,3.9235215306637703
millbrook,12,DWOOD,randomwalker,0.56,1.104746217074816,501772,0.2999328380672917,0.9006637078056924,0.8211128363985362,0.6453041792171155,0.05738929659128189,0.16112889349460602,1.559058492601198
millbrook,12,DWOOD,gac,4.42,1.104746217074816,501772,0.2999328380672917,1.0043649985748606,0.9636668262326472,0.7210170586569988,0.46130460500717163,0.13025574386119843,2.609408208851541
millbrook,13,DWOOD,orig,0.0,0.11837667283143123,265815,0.2999328380672917,1.0,1.0,0.7409548587301459,0.662889301776886,0.1449953317642212,2.5782653342782464
millbrook,13,DWOOD,grabcut,0.87,0.11837667283143123,265815,0.2999328380672917,1.2120659524352253,0.6626499143346659,0.9155544219350551,0.7940682172775269,0.10365577787160873,2.80606367506241
millbrook,13,DWOOD,grabcut2,0.83,0.11837667283143123,265815,0.2999328380672917,1.2123698807081529,0.662498572570515,0.9159433239909962,0.7942718863487244,0.10364138334989548,2.805360224655024
millbrook,13,DWOOD,superpixel,6.01,0.11837667283143123,265815,0.2999328380672917,0.23820378390699795,0.23820378390699795,0.5151138172161399,0.3069533705711365,0.09727010875940323,7.184157673626889
millbrook,13,DWOOD,pixelclf,1.9,0.11837667283143123,265815,0.2999328380672917,0.6218372464098473,0.3239672497208783,0.5361494754454563,0.11271952092647552,0.09927844256162643,23.21033895612973
millbrook,13,DWOOD,watershed,0.15,0.11837667283143123,265815,0.2999328380672917,1.4151660208190866,0.6288818284308701,0.9398089888592682,0.9053218960762024,0.11187732964754105,3.5381532449502964
millbrook,13,DWOOD,randomwalker,0.16,0.11837667283143123,265815,0.2999328380672917,1.8746295874173695,0.5269403075432861,0.4673660315036594,0.1664615124464035,0.3443581461906433,1.4092521257022943
millbrook,13,DWOOD,gac,2.38,0.11837667283143123,265815,0.2999328380672917,1.0278094369728743,0.89303447297489,0.8094920353043715,0.7487813830375671,0.113169826567173,2.76845123084474
millbrook,14,DWOOD,orig,0.0,0.06018478799996145,113696,0.2999328380672917,1.0,1.0,0.6378973644627047,0.3810155987739563,0.06922531127929688,1.248501666867046
millbrook,14,DWOOD,grabcut,0.72,0.06018478799996145,113696,0.2999328380672917,0.9861007323270065,0.7792207792207793,0.7794722472131612,0.2379622459411621,0.06663420796394348,1.196737589291703
millbrook,14,DWOOD,grabcut2,0.54,0.06018478799996145,113696,0.2999328380672917,0.84068151247945,0.7561671182090404,0.7458272795836342,0.372066855430603,0.06217055022716522,1.1410489857795476
millbrook,14,DWOOD,superpixel,3.81,0.06018478799996145,113696,0.2999328380672917,0.34822896428037664,0.34822896428037664,0.39730903805834694,0.18389594554901123,0.052328191697597504,1.5495065693425318
millbrook,14,DWOOD,pixelclf,1.71,0.06018478799996145,113696,0.2999328380672917,1.00059781796443,0.3795733278367515,0.44589545711187334,0.31125137209892273,0.04763774946331978,13.966838746063495
millbrook,14,DWOOD,watershed,0.08,0.06018478799996145,113696,0.2999328380672917,1.6564041249439545,0.5737559766247565,0.832350247985253,0.13945601880550385,0.0912070944905281,2.0017076448132705
millbrook,14,DWOOD,randomwalker,0.08,0.06018478799996145,113696,0.2999328380672917,1.396353310416978,0.6854830232313676,0.5320271022467894,0.02266751602292061,0.09080900996923447,0.8941158785194695
millbrook,14,DWOOD,gac,0.99,0.06018478799996145,113696,0.2999328380672917,1.0122552682708115,0.9231538351664048,0.6358770496706653,0.5089006423950195,0.06516866385936737,1.3343472413999307
millbrook,15,DWOOD,orig,0.0,0.9507631216995848,813400,0.2999328380672917,1.0,1.0,0.6457918883022081,0.25017982721328735,0.10915583372116089,8.19827505922492
millbrook,15,DWOOD,grabcut,4.9,0.9507631216995848,813400,0.2999328380672917,1.6315027671349511,0.5373047716947972,0.7960749124431942,0.20588986575603485,0.13653238117694855,4.289647833427382
millbrook,15,DWOOD,grabcut2,2.41,0.9507631216995848,813400,0.2999328380672917,0.019100326380019867,0.019100326380019867,0.7258665250236161,0.4851491451263428,0.04621259123086929,1.5451982142086838
millbrook,15,DWOOD,superpixel,17.76,0.9507631216995848,813400,0.2999328380672917,0.9998580956435362,0.9995365203079776,0.6446044358722188,0.2489553987979889,0.10904112458229065,8.055960466790102
millbrook,15,DWOOD,pixelclf,3.52,0.9507631216995848,813400,0.2999328380672917,0.017700203396244264,0.01349110642146518,0.5610142773780282,0.2535191476345062,0.03311188146471977,17.639573617894257
millbrook,15,DWOOD,watershed,0.52,0.9507631216995848,813400,0.2999328380672917,0.36814720211910507,0.22298142948956465,0.8907982516466019,0.2482919692993164,0.1376267373561859,2.5651286215401963
millbrook,15,DWOOD,randomwalker,1.12,0.9507631216995848,813400,0.2999328380672917,0.21775696513882975,0.20394133822181484,0.5741065026253076,0.17721134424209595,0.11153949052095413,1.3161120890327256
millbrook,15,DWOOD,gac,7.1,0.9507631216995848,813400,0.2999328380672917,1.0110306986424484,0.9414751762685858,0.7162398280588976,0.24495987594127655,0.10715629905462265,8.128498691167183
millbrook,16,DWOOD,orig,0.0,1.909376633348928,1907061,0.2999328380672917,1.0,1.0,0.6922301797761661,0.21572136878967285,0.10999280214309692,7.645669494272651
millbrook,16,DWOOD,grabcut,7.01,1.909376633348928,1907061,0.2999328380672917,1.5063434259682382,0.6314743601538206,0.8409926905098899,0.33963802456855774,0.10284509509801865,8.31743846085868
millbrook,16,DWOOD,grabcut2,7.84,1.909376633348928,1907061,0.2999328380672917,1.4558881031907926,0.6432272950788668,0.8434009669476997,0.35686224699020386,0.10009860247373581,8.269630062415722
millbrook,16,DWOOD,superpixel,42.07,1.909376633348928,1907061,0.2999328380672917,0.28314339958636997,0.23716364759534148,0.6270796422020443,0.12631089985370636,0.07258988171815872,47.93593853347254
millbrook,16,DWOOD,pixelclf,9.07,1.909376633348928,1907061,0.2999328380672917,1.0337405249049547,0.5037114184898654,0.6656092336445414,0.35875874757766724,0.08893382549285889,135.8290631619172
millbrook,16,DWOOD,watershed,1.88,1.909376633348928,1907061,0.2999328380672917,0.7521093716875444,0.5900190674886493,0.8902984263715793,0.16150031983852386,0.13035495579242706,6.172558112977916
millbrook,16,DWOOD,randomwalker,0.45,1.909376633348928,1907061,0.2999328380672917,0.5853712541280557,0.5550277483838473,0.7397069132350209,0.14372847974300385,0.11319051682949066,2.422788332824503
millbrook,16,DWOOD,gac,16.83,1.909376633348928,1907061,0.2999328380672917,1.0059217871831232,0.9601742004686471,0.7290432499206975,0.21311120688915253,0.11003034561872482,7.965099882794548
millbrook,17,DWOOD,orig,0.0,0.7063007670300893,597536,0.2999328380672917,1.0,1.0,0.5448482257546634,0.477870374917984,0.10394670814275742,3.4386150987178565
millbrook,17,DWOOD,grabcut,3.97,0.7063007670300893,597536,0.2999328380672917,0.16300098062938578,0.1518813304910506,0.8923779166564838,0.6237891912460327,0.10250786691904068,2.290822705963972
millbrook,17,DWOOD,grabcut2,2.74,0.7063007670300893,597536,0.2999328380672917,0.11931839889965741,0.11582261607018167,0.8557946638414499,0.5972175002098083,0.10572991520166397,1.9083304511748687
millbrook,17,DWOOD,superpixel,12.43,0.7063007670300893,597536,0.2999328380672917,0.9998726455343157,0.9996689121216366,0.545791793407911,0.47699466347694397,0.10394547134637833,3.372168714881365
millbrook,17,DWOOD,pixelclf,3.28,0.7063007670300893,597536,0.2999328380672917,0.09147871270106087,0.0589107442917861,0.5555804315040974,0.416283518075943,0.1414790153503418,63.65321407651969
millbrook,17,DWOOD,watershed,0.46,0.7063007670300893,597536,0.2999328380672917,0.4459443970402822,0.2912496588117551,0.8734114224782029,0.1076025515794754,0.12835223972797394,1.9655744556799792
millbrook,17,DWOOD,randomwalker,0.75,0.7063007670300893,597536,0.2999328380672917,0.19317125355000572,0.19317125355000572,0.4586022339146837,0.26302939653396606,0.10610134154558182,1.0623970192546415
millbrook,17,DWOOD,gac,5.38,0.7063007670300893,597536,0.2999328380672917,1.0064823423033329,0.9621520642630301,0.62371842709737,0.5116280317306519,0.1034005880355835,3.4462089885613802
millbrook,18,DWOOD,orig,0.0,2.10546882388957,722800,0.2999328380672917,1.0,1.0,0.6124334468054793,0.149847149848938,0.3813125789165497,1.8840586042174943
millbrook,18,DWOOD,grabcut,5.01,2.10546882388957,722800,0.2999328380672917,0.98261909848323,0.7748471021116929,0.8348086585435855,0.2617036700248718,0.38732007145881653,2.3014363794676993
millbrook,18,DWOOD,grabcut2,5.09,2.10546882388957,722800,0.2999328380672917,0.9824695577867977,0.7743060468282162,0.8332480774853913,0.2627953886985779,0.3871600925922394,2.3214638019951184
millbrook,18,DWOOD,superpixel,18.74,2.10546882388957,722800,0.2999328380672917,0.9979790643024995,0.744453770540727,0.7162801497203629,0.13211491703987122,0.40291231870651245,14.966665736620278
millbrook,18,DWOOD,pixelclf,3.5,2.10546882388957,722800,0.2999328380672917,1.0058534501174963,0.7605433095079164,0.6254898241069633,0.10104147344827652,0.4035026431083679,11.850506225590332
millbrook,18,DWOOD,watershed,0.42,2.10546882388957,722800,0.2999328380672917,0.9909250160222175,0.812254739912494,0.889167201556244,0.13347859680652618,0.364520400762558,3.0449607899230418
millbrook,18,DWOOD,randomwalker,0.71,2.10546882388957,722800,0.2999328380672917,0.9470369579149754,0.9445361871722331,0.6157990003627263,0.16164204478263855,0.38310274481773376,1.7014979140659974
millbrook,18,DWOOD,gac,6.54,2.10546882388957,722800,0.2999328380672917,1.0072164067506943,0.9826503481747204,0.6892063765311495,0.15393400192260742,0.3807578384876251,1.9105023803349417
millbrook,19,DWOOD,orig,0.0,0.627208570999743,438600,0.2999328380672917,1.0,1.0,0.6671434440655112,0.2063301056623459,0.06112246960401535,4.2503162757479
millbrook,19,DWOOD,grabcut,1.52,0.627208570999743,438600,0.2999328380672917,1.1445283343859447,0.7820252862595419,0.8656925440883118,1.0329735279083252,0.050964679569005966,2.351510940885041
millbrook,19,DWOOD,grabcut2,1.6,0.627208570999743,438600,0.2999328380672917,1.1029597519664696,0.7718719009263962,0.8775099872806965,0.888944149017334,0.050017114728689194,2.697765451611868
millbrook,19,DWOOD,superpixel,9.5,0.627208570999743,438600,0.2999328380672917,0.1562984440489177,0.1471924353113741,0.7432427432498513,0.05787288025021553,0.03927701711654663,20.08959541655198
millbrook,19,DWOOD,pixelclf,2.52,0.627208570999743,438600,0.2999328380672917,1.1312510765344204,0.726612012326298,0.6686590893768775,0.4012162685394287,0.04201599583029747,11.920764204800369
millbrook,19,DWOOD,watershed,0.23,0.627208570999743,438600,0.2999328380672917,0.41993454670724006,0.3636601739657858,0.9168551587411834,0.38374024629592896,0.052071698009967804,4.12184156615186
millbrook,19,DWOOD,randomwalker,0.63,0.627208570999743,438600,0.2999328380672917,0.5357122351725326,0.5101343721770552,0.6691429332497447,0.2058134824037552,0.04739848151803017,1.0657713834941962
millbrook,19,DWOOD,gac,3.83,0.627208570999743,438600,0.2999328380672917,1.0051386576333468,0.9593250767914498,0.7090265814002519,0.1909785270690918,0.06249629706144333,3.9314857418724554
millbrook,20,DWOOD,orig,0.0,0.15293272652650902,177472,0.2999328380672917,1.0,1.0,0.39000169172886917,0.11475829035043716,0.16257786750793457,1.6681641604646316
millbrook,20,DWOOD,grabcut,1.65,0.15293272652650902,177472,0.2999328380672917,1.5462886719209505,0.543661971830986,0.6723176610596743,0.043732963502407074,0.15732863545417786,1.5215702919052307
millbrook,20,DWOOD,grabcut2,1.36,0.15293272652650902,177472,0.2999328380672917,0.6838019056581579,0.6462334675100633,0.5454416812253209,0.0639805942773819,0.13670970499515533,1.5508640282981796
millbrook,20,DWOOD,superpixel,4.54,0.15293272652650902,177472,0.2999328380672917,0.5933419597694389,0.394666392092257,0.4173413060529973,0.07527317851781845,0.10502009093761444,6.546690599017092
millbrook,20,DWOOD,pixelclf,1.45,0.15293272652650902,177472,0.2999328380672917,1.1731560992824375,0.4580324375517935,0.41965914700408397,0.32165974378585815,0.13447992503643036,16.16671830426508
millbrook,20,DWOOD,watershed,0.1,0.15293272652650902,177472,0.2999328380672917,1.4137160334078345,0.5777777777777777,0.7403260223049747,0.05482647940516472,0.21290536224842072,2.9503390615564
millbrook,20,DWOOD,randomwalker,0.13,0.15293272652650902,177472,0.2999328380672917,1.2954946476885072,0.7275906334380948,0.4225455689923853,0.04797793924808502,0.1860538274049759,1.1088531397891617
millbrook,20,DWOOD,gac,1.55,0.15293272652650902,177472,0.2999328380672917,1.0069991765674626,0.9276352954468422,0.47048655699999126,0.08452178537845612,0.1639162003993988,1.7579691125206507
millbrook,21,DWOOD,orig,0.0,0.16836399749982714,189888,0.2999328380672917,1.0,1.0,0.6098264563036384,0.3157460689544678,0.11097568273544312,1.7360235485982207
millbrook,21,DWOOD,grabcut,0.71,0.16836399749982714,189888,0.2999328380672917,1.0386279852540472,0.7392315055380828,0.8808815385146852,0.25671106576919556,0.07944900542497635,1.7885323274345166
millbrook,21,DWOOD,grabcut2,0.67,0.16836399749982714,189888,0.2999328380672917,0.8551049847732008,0.7542565553478503,0.858848255944477,0.24961695075035095,0.07683950662612915,1.6783661900981972
millbrook,21,DWOOD,superpixel,4.67,0.16836399749982714,189888,0.2999328380672917,0.5049420313084362,0.44859861146824376,0.5286195675526569,0.3375822901725769,0.05136378854513168,6.579863782077038
millbrook,21,DWOOD,pixelclf,1.49,0.16836399749982714,189888,0.2999328380672917,1.0449858417481435,0.5219690643763172,0.6028194317650026,0.23042967915534973,0.059515710920095444,7.860914810262562
millbrook,21,DWOOD,watershed,0.1,0.16836399749982714,189888,0.2999328380672917,1.1951701661591068,0.625469794675001,0.8837291927177965,0.13523507118225098,0.09580454975366592,3.017473135521064
millbrook,21,DWOOD,randomwalker,0.15,0.16836399749982714,189888,0.2999328380672917,1.185072394080248,0.7533976420150054,0.5122162223625063,0.06007691100239754,0.10653980821371078,1.1371710733712403
millbrook,21,DWOOD,gac,1.65,0.16836399749982714,189888,0.2999328380672917,0.9933750066784207,0.9486081370449678,0.6951700174182461,0.29974669218063354,0.11093570291996002,1.6879514622802678
millbrook,22,DWOOD,orig,0.0,0.14251329469988813,194032,0.2999328380672917,1.0,1.0,0.46961326647962287,0.12784099578857422,0.07311960309743881,2.109393258760786
millbrook,22,DWOOD,grabcut,0.96,0.14251329469988813,194032,0.2999328380672917,0.9114323590682406,0.5902000945328502,0.7892596170316517,0.5809180736541748,0.08102390915155411,1.3889625390957887
millbrook,22,DWOOD,grabcut2,0.92,0.14251329469988813,194032,0.2999328380672917,0.8546808913578688,0.5821217016693592,0.7692467405662455,0.4356112480163574,0.07700934261083603,1.2983723660905415
millbrook,22,DWOOD,superpixel,4.82,0.14251329469988813,194032,0.2999328380672917,0.28868127012183575,0.27819172249702584,0.47882699078621277,0.20191740989685059,0.06425802409648895,3.6025641912967017
millbrook,22,DWOOD,pixelclf,2.08,0.14251329469988813,194032,0.2999328380672917,0.7437661763777539,0.44600324556352405,0.46464390230814934,0.628084123134613,0.06096494570374489,12.43743468008944
millbrook,22,DWOOD,watershed,0.11,0.14251329469988813,194032,0.2999328380672917,1.534057193359005,0.5620670869328352,0.8621239970410932,0.6304854154586792,0.10620427131652832,2.9803189207650584
millbrook,22,DWOOD,randomwalker,0.17,0.14251329469988813,194032,0.2999328380672917,1.1321254971277066,0.648123749573025,0.5473561091298088,0.5383733510971069,0.0756823718547821,1.0784668719622523
millbrook,22,DWOOD,gac,1.71,0.14251329469988813,194032,0.2999328380672917,1.0047976769143363,0.9172905095387588,0.5466318885497286,0.2504213750362396,0.07723959535360336,2.250992044123831
millbrook,23,DWOOD,orig,0.0,0.34212717073778026,262013,0.2999328380672917,1.0,1.0,0.7621814653712129,0.41339436173439026,0.12346619367599487,0.8572425201909413
millbrook,23,DWOOD,grabcut,1.76,0.34212717073778026,262013,0.2999328380672917,0.9992373037372116,0.8234743811168682,0.905649287648599,0.46652403473854065,0.18254448473453522,1.1192055922715203
millbrook,23,DWOOD,grabcut2,1.71,0.34212717073778026,262013,0.2999328380672917,0.9446913710122821,0.8414852816655874,0.9026182078246028,0.7493314743041992,0.09930266439914703,1.0700976668563857
millbrook,23,DWOOD,superpixel,5.65,0.34212717073778026,262013,0.2999328380672917,0.1692659705967441,0.1692659705967441,0.4213080631110251,0.30764129757881165,0.07244881987571716,3.0911075025616714
millbrook,23,DWOOD,pixelclf,1.78,0.34212717073778026,262013,0.2999328380672917,0.5979012702837756,0.48278218425869435,0.46470424511156394,0.22062654793262482,0.060004208236932755,23.101622819897734
millbrook,23,DWOOD,watershed,0.13,0.34212717073778026,262013,0.2999328380672917,0.9512926386660705,0.7319265155582529,0.8790427427031566,0.08257924765348434,0.17731767892837524,1.2309284686584252
millbrook,23,DWOOD,randomwalker,0.26,0.34212717073778026,262013,0.2999328380672917,0.8758909081345502,0.8579094058503295,0.6335406113679248,0.642488956451416,0.10082400590181351,0.779051116992323
millbrook,23,DWOOD,gac,2.29,0.34212717073778026,262013,0.2999328380672917,0.9989480051547748,0.9735666805151642,0.773110790862275,0.4911718964576721,0.11765239387750626,0.8933615055271042
millbrook,24,DWOOD,orig,0.0,1.125542833706879,788670,0.2999328380672917,1.0,1.0,0.6578630846829501,0.09782300889492035,0.22960931062698364,3.642248927832382
millbrook,24,DWOOD,grabcut,4.84,1.125542833706879,788670,0.2999328380672917,1.4155010630305163,0.6005772846436989,0.7971395442937732,0.210357666015625,0.2571399509906769,2.995618492564535
millbrook,24,DWOOD,grabcut2,3.83,1.125542833706879,788670,0.2999328380672917,0.5225234586057516,0.5201905734761304,0.8434519023967225,0.2750924229621887,0.027151457965373993,4.671402685734976
millbrook,24,DWOOD,superpixel,15.76,1.125542833706879,788670,0.2999328380672917,0.4473120514091149,0.4131892145003317,0.6134651238246898,0.49992266297340393,0.013872165232896805,10.3427379385001
millbrook,24,DWOOD,pixelclf,3.48,1.125542833706879,788670,0.2999328380672917,0.5551257253384912,0.4712581098861213,0.5688207285558261,0.28838831186294556,0.017637088894844055,12.651836061256267
millbrook,24,DWOOD,watershed,0.48,1.125542833706879,788670,0.2999328380672917,0.759803059609636,0.563283679584215,0.8872175246517656,0.6613497734069824,0.03861289471387863,5.654520043508855
millbrook,24,DWOOD,randomwalker,0.81,1.125542833706879,788670,0.2999328380672917,0.8896286586632991,0.8800865215627958,0.6475843089820751,0.20092931389808655,0.19303490221500397,2.9433340598956987
millbrook,24,DWOOD,gac,6.86,1.125542833706879,788670,0.2999328380672917,0.9848378279009543,0.9616797402658956,0.7344267825634956,0.22248616814613342,0.21442066133022308,3.794763688860809
millbrook,25,LFENS,orig,0.0,0.03553290042003457,133931,0.2999328380672917,1.0,1.0,0.557340940198732,0.3543836176395416,0.06533902138471603,2.512942005035223
millbrook,25,LFENS,grabcut,0.37,0.03553290042003457,133931,0.2999328380672917,2.5836289913836796,0.3265478424015009,0.7995693362473726,1.3043862581253052,0.0615483857691288,1.3378381866688818
millbrook,25,LFENS,grabcut2,0.39,0.03553290042003457,133931,0.2999328380672917,2.575772934617334,0.32787502352719744,0.798062495377916,1.2898242473602295,0.06106233596801758,1.3097008085082322
millbrook,25,LFENS,superpixel,3.98,0.03553290042003457,133931,0.2999328380672917,0.99341104916371,0.99341104916371,0.5669924905920587,0.3739042282104492,0.06544207781553268,2.2646286774948314
millbrook,25,LFENS,pixelclf,1.44,0.03553290042003457,133931,0.2999328380672917,0.5481500253421187,0.2645415027944525,0.5101115049563985,0.1445431113243103,0.06065858528017998,10.688361817383386
millbrook,25,LFENS,watershed,0.07,0.03553290042003457,133931,0.2999328380672917,1.1137861125190065,0.5506599739728574,0.795072015918155,0.8352594375610352,0.061221323907375336,1.6843445484782211
millbrook,25,LFENS,randomwalker,0.1,0.03553290042003457,133931,0.2999328380672917,1.9308160162189558,0.4153714355648023,0.5442506014571253,0.1686546504497528,0.11468154937028885,0.8966591881806092
millbrook,25,LFENS,gac,1.15,0.03553290042003457,133931,0.2999328380672917,1.2554485554992398,0.6792452830188679,0.7212258366229809,0.6055353879928589,0.06923218071460724,2.6217837294798945
millbrook,26,LFENS,orig,0.0,0.08784979422500878,124560,0.2999328380672917,1.0,1.0,0.5621947455041747,0.13416096568107605,0.35980504751205444,1.303880742176306
millbrook,26,LFENS,grabcut,0.7,0.08784979422500878,124560,0.2999328380672917,0.6507936507936508,0.6474195196729688,0.7382669225180833,0.8470033407211304,0.26002824306488037,1.1648614147225465
millbrook,26,LFENS,grabcut2,0.32,0.08784979422500878,124560,0.2999328380672917,1.6458781362007169,0.34197267958240274,0.9274881364787472,1.9428260326385498,0.2886747121810913,1.6598824750208463
millbrook,26,LFENS,superpixel,3.78,0.08784979422500878,124560,0.2999328380672917,0.9561699948796722,0.4552795977449337,0.8942862694867753,1.0803552865982056,0.17659640312194824,1.6500159035338406
millbrook,26,LFENS,pixelclf,1.2,0.08784979422500878,124560,0.2999328380672917,0.6438300051203277,0.5814778325123152,0.7631180612900266,0.7990776896476746,0.26004600524902344,3.039056929884211
millbrook,26,LFENS,watershed,0.06,0.08784979422500878,124560,0.2999328380672917,1.3665130568356374,0.4980552314274601,0.9039335180185645,0.7844254374504089,0.28140151500701904,2.781925593824759
millbrook,26,LFENS,randomwalker,0.11,0.08784979422500878,124560,0.2999328380672917,1.1610855094726062,0.788541401813713,0.5380123149766247,0.07781121879816055,0.3482201099395752,0.8305591526601928
millbrook,26,LFENS,gac,1.07,0.08784979422500878,124560,0.2999328380672917,0.9801331285202253,0.9076558800315706,0.6498781877622767,0.11784710735082626,0.35795992612838745,1.323666601983744
millbrook,27,LFENS,orig,0.0,0.12234381126594501,388145,0.2999328380672917,1.0,1.0,0.6433441577075196,0.11703020334243774,0.10494110733270645,6.1835440213391735
millbrook,27,LFENS,grabcut,2.47,0.12234381126594501,388145,0.2999328380672917,1.730514705882353,0.3486961574780272,0.6165563829824608,0.09313921630382538,0.07773879915475845,1.4728679245980372
millbrook,27,LFENS,grabcut2,1.96,0.12234381126594501,388145,0.2999328380672917,1.6654411764705883,0.33956616533017997,0.6167533639390705,0.09465265274047852,0.07389217615127563,1.525782954545064
millbrook,27,LFENS,superpixel,7.84,0.12234381126594501,388145,0.2999328380672917,0.30816176470588236,0.30816176470588236,0.4371715123478821,0.38923943042755127,0.07043798267841339,5.154041625841943
millbrook,27,LFENS,pixelclf,2.72,0.12234381126594501,388145,0.2999328380672917,1.8521323529411764,0.2184005528332705,0.42949153313526023,0.06565281003713608,0.0743853896856308,33.76051405007047
millbrook,27,LFENS,watershed,0.23,0.12234381126594501,388145,0.2999328380672917,1.4666176470588235,0.38728753980397834,0.6747873013259753,0.31212204694747925,0.09443192929029465,3.547788378359692
millbrook,27,LFENS,randomwalker,0.25,0.12234381126594501,388145,0.2999328380672917,1.6686764705882353,0.4319984217794437,0.48493883299625995,0.1786085069179535,0.09999298304319382,1.3653634247234914
millbrook,27,LFENS,gac,3.34,0.12234381126594501,388145,0.2999328380672917,0.9938235294117647,0.8186452045606976,0.6900008816620736,0.23351116478443146,0.10459167510271072,6.528278828602448
millbrook,28,LFENS,orig,0.0,0.028679951049975345,112554,0.2999328380672917,1.0,1.0,0.7801900648827591,0.10221341997385025,0.15985074639320374,3.9602229980409343
millbrook,28,LFENS,grabcut,0.49,0.028679951049975345,112554,0.2999328380672917,1.1928997800816838,0.5643209323173465,0.9161878643929926,0.44161176681518555,0.1610538363456726,1.0609980239698713
millbrook,28,LFENS,grabcut2,0.41,0.028679951049975345,112554,0.2999328380672917,1.097392397109645,0.5273392816289179,0.9127049104925211,0.28158828616142273,0.1656062752008438,1.1636126357517387
millbrook,28,LFENS,superpixel,3.68,0.028679951049975345,112554,0.2999328380672917,0.9874332390826265,0.9874332390826265,0.7743303731712583,0.069632887840271,0.15715135633945465,3.3731176095160285
millbrook,28,LFENS,pixelclf,1.19,0.028679951049975345,112554,0.2999328380672917,1.1941564561734213,0.2847682119205298,0.7497245955511094,0.7671192288398743,0.1635311394929886,10.40568081955397
millbrook,28,LFENS,watershed,0.06,0.028679951049975345,112554,0.2999328380672917,1.5394282123782594,0.5346497057148282,0.9003335465106324,0.3130486309528351,0.16424956917762756,1.7793035428664437
millbrook,28,LFENS,randomwalker,0.08,0.028679951049975345,112554,0.2999328380672917,2.377631165567075,0.39279699442933025,0.6670856873578339,0.10258573293685913,0.16411840915679932,0.8068049437432634
millbrook,28,LFENS,gac,0.98,0.028679951049975345,112554,0.2999328380672917,0.9710964498900408,0.8075482569864593,0.8163082055621678,0.084373340010643,0.16054987907409668,4.078094404000095
millbrook,29,"LFENS, RBEDS",orig,0.0,6.641865169259671,2084076,0.2999328380672917,1.0,1.0,0.6310378465464073,0.40534156560897827,0.18486040830612183,19.088494432170698
millbrook,29,"LFENS, RBEDS",grabcut,9.37,6.641865169259671,2084076,0.2999328380672917,1.0637597027842978,0.7686087109939039,0.8692703739935722,0.534757137298584,0.1606069654226303,7.171406403232511
millbrook,29,"LFENS, RBEDS",grabcut2,10.55,6.641865169259671,2084076,0.2999328380672917,1.1034525726684536,0.7654944972494774,0.84519421578692,0.38686469197273254,0.16136690974235535,3.5622342821551993
millbrook,29,"LFENS, RBEDS",superpixel,34.53,6.641865169259671,2084076,0.2999328380672917,0.9663031833123623,0.7283359623798328,0.7785157732912539,0.5826138854026794,0.1554892659187317,23.393207186994413
millbrook,29,"LFENS, RBEDS",pixelclf,6.17,6.641865169259671,2084076,0.2999328380672917,0.9171252534473581,0.7262237962654686,0.6951820579711793,0.5629099607467651,0.15021488070487976,34.65850129230243
millbrook,29,"LFENS, RBEDS",watershed,1.44,6.641865169259671,2084076,0.2999328380672917,1.0781315393481679,0.806719483015242,0.8718297461043311,0.24079959094524384,0.1755458563566208,4.77619224596137
millbrook,29,"LFENS, RBEDS",randomwalker,0.7,6.641865169259671,2084076,0.2999328380672917,0.9974726371663197,0.7826779115630882,0.6319735151017448,0.10053018480539322,0.17401686310768127,2.391000827778088
millbrook,29,"LFENS, RBEDS",gac,18.55,6.641865169259671,2084076,0.2999328380672917,1.0140183308298987,0.9535505772676872,0.7387173700096532,0.34180405735969543,0.18416373431682587,18.75112103144015
millbrook,30,"LFENS, RBEDS",orig,0.0,0.04613304499999595,123728,0.2999328380672917,1.0,1.0,0.7306881385828754,1.0222722291946411,0.1189860925078392,2.2168741361612763
millbrook,30,"LFENS, RBEDS",grabcut,0.23,0.04613304499999595,123728,0.2999328380672917,0.8073698576720608,0.7294776119402985,0.9231786369435583,1.3840882778167725,0.13770118355751038,2.8929994871801843
millbrook,30,"LFENS, RBEDS",grabcut2,0.35,0.04613304499999595,123728,0.2999328380672917,0.8112692532657438,0.72933730454207,0.923306866005257,1.3709485530853271,0.138706237077713,2.8494892935496323
millbrook,30,"LFENS, RBEDS",superpixel,3.8,0.04613304499999595,123728,0.2999328380672917,0.9996100604406317,0.9996100604406317,0.7299758415910866,1.0211858749389648,0.1188778281211853,2.2060203731917296
millbrook,30,"LFENS, RBEDS",pixelclf,1.2,0.04613304499999595,123728,0.2999328380672917,0.9128485084811854,0.7095312772259975,0.8601220655537087,1.1634440422058105,0.13475793600082397,4.114233462686517
millbrook,30,"LFENS, RBEDS",watershed,0.06,0.04613304499999595,123728,0.2999328380672917,0.8243322285045818,0.7506080449017773,0.9338185585946678,1.3393880128860474,0.1380518078804016,2.7465144176610377
millbrook,30,"LFENS, RBEDS",randomwalker,0.08,0.04613304499999595,123728,0.2999328380672917,2.199064145057516,0.45062328706568827,0.4997695451659227,0.2816825211048126,0.10955335199832916,1.1345098858107927
millbrook,30,"LFENS, RBEDS",gac,1.03,0.04613304499999595,123728,0.2999328380672917,0.9918112692532658,0.8354293927416457,0.7974339069493113,1.007107138633728,0.12206492573022842,2.6296388769164154
millbrook,31,"LFENS, RBEDS",orig,0.0,0.028572394999998967,99160,0.2999328380672917,1.0,1.0,0.7085152167092467,0.9840472936630249,0.07603035867214203,1.2652668018258797
millbrook,31,"LFENS, RBEDS",grabcut,0.15,0.028572394999998967,99160,0.2999328380672917,0.7832914572864321,0.7810539523212046,0.879703023919442,1.3781017065048218,0.07409800589084625,1.488679435624593
millbrook,31,"LFENS, RBEDS",grabcut2,0.14,0.028572394999998967,99160,0.2999328380672917,0.7675879396984925,0.7670329670329671,0.8730985734717078,1.3500956296920776,0.06254898011684418,1.422268222012496
millbrook,31,"LFENS, RBEDS",superpixel,3.53,0.028572394999998967,99160,0.2999328380672917,0.9996859296482412,0.9990580847723705,0.7097596492148396,0.9826310873031616,0.0760357677936554,1.2432636137318354
millbrook,31,"LFENS, RBEDS",pixelclf,1.32,0.028572394999998967,99160,0.2999328380672917,0.8143844221105527,0.7400602409638555,0.7693178162149096,1.3429168462753296,0.06448262184858322,1.872326248186163
millbrook,31,"LFENS, RBEDS",watershed,0.05,0.028572394999998967,99160,0.2999328380672917,0.7217336683417085,0.7211930926216641,0.8768676987194949,1.1436271667480469,0.05741460993885994,1.371343538159736
millbrook,31,"LFENS, RBEDS",randomwalker,0.06,0.028572394999998967,99160,0.2999328380672917,2.103643216080402,0.47536578083009856,0.4378049787960566,0.33809417486190796,0.0762547180056572,0.8725364418939899
millbrook,31,"LFENS, RBEDS",gac,0.86,0.028572394999998967,99160,0.2999328380672917,0.9538316582914573,0.8498364555456438,0.8025676679962305,1.0056719779968262,0.07324126362800598,1.5218765639974272
millbrook,32,"LFENS, RBEDS",orig,0.0,0.05944036499984603,563570,0.2999328380672917,1.0,1.0,0.6435386560711359,0.26567158102989197,0.2017706036567688,30.590965697592708
millbrook,32,"LFENS, RBEDS",grabcut,2.57,0.05944036499984603,563570,0.2999328380672917,1.6074624601850447,0.23030129535532814,0.7572222320800137,0.4830760955810547,0.19725389778614044,4.9264747198807575
millbrook,32,"LFENS, RBEDS",grabcut2,1.85,0.05944036499984603,563570,0.2999328380672917,1.685878962536023,0.24257946810750122,0.7360118254854529,0.6295804381370544,0.1616974174976349,5.184892889882757
millbrook,32,"LFENS, RBEDS",superpixel,11.05,0.05944036499984603,563570,0.2999328380672917,0.9523737297133323,0.9523737297133323,0.6411348624883417,0.26765090227127075,0.20243443548679352,23.78706105185367
millbrook,32,"LFENS, RBEDS",pixelclf,3.01,0.05944036499984603,563570,0.2999328380672917,0.9749734566964963,0.24317357265610082,0.7046533329145361,0.19145114719867706,0.15283313393592834,48.73013376440041
millbrook,32,"LFENS, RBEDS",watershed,0.39,0.05944036499984603,563570,0.2999328380672917,1.4378886698013045,0.251791277258567,0.7980782469384792,0.1746158003807068,0.287514328956604,7.480416633287936
millbrook,32,"LFENS, RBEDS",randomwalker,0.38,0.05944036499984603,563570,0.2999328380672917,3.19778553010769,0.19200620208458954,0.41189306654874136,0.12716177105903625,0.2242717444896698,2.8832386593289536
millbrook,32,"LFENS, RBEDS",gac,4.77,0.05944036499984603,563570,0.2999328380672917,0.9866525102381314,0.5082911100875173,0.6870412409106516,0.31496238708496094,0.19948019087314606,19.329178222706084
millbrook,33,"LFENS, RBEDS",orig,0.0,0.10574504999999106,142956,0.2999328380672917,1.0,1.0,0.5046875577367637,1.365741491317749,0.13319186866283417,1.0456577252679997
millbrook,33,"LFENS, RBEDS",grabcut,0.48,0.10574504999999106,142956,0.2999328380672917,0.612897736940616,0.612897736940616,0.7327158221895064,0.6534667015075684,0.14340658485889435,1.1667643575847755
millbrook,33,"LFENS, RBEDS",grabcut2,0.39,0.10574504999999106,142956,0.2999328380672917,0.6140037434064999,0.6140037434064999,0.7339852736799751,0.64132159948349,0.14288321137428284,1.1935077037002801
millbrook,33,"LFENS, RBEDS",superpixel,4.05,0.10574504999999106,142956,0.2999328380672917,0.36396120469627363,0.36396120469627363,0.5739366055850235,0.2698315680027008,0.14198864996433258,1.8692521127117192
millbrook,33,"LFENS, RBEDS",pixelclf,1.29,0.10574504999999106,142956,0.2999328380672917,0.8918665986047303,0.661585593663603,0.5969062566598651,0.7402268052101135,0.13452599942684174,3.35697294232631
millbrook,33,"LFENS, RBEDS",watershed,0.08,0.10574504999999106,142956,0.2999328380672917,1.0222902841585844,0.6051050037139577,0.7518583862057718,0.257381409406662,0.12374702095985413,1.1738008184317001
millbrook,33,"LFENS, RBEDS",randomwalker,0.09,0.10574504999999106,142956,0.2999328380672917,1.2212863705972434,0.7690222914831628,0.34833563608326473,0.490771621465683,0.12290040403604507,0.8693152753709041
millbrook,33,"LFENS, RBEDS",gac,1.16,0.10574504999999106,142956,0.2999328380672917,0.9961715160796325,0.9545984671776074,0.5328533820849074,1.3093115091323853,0.13331443071365356,1.1037746670344022
millbrook,34,"LFENS, RBEDS",orig,0.0,0.0986225300000178,133330,0.2999328380672917,1.0,1.0,0.6037356780693711,0.9865503311157227,0.1579594612121582,1.0047672283224838
millbrook,34,"LFENS, RBEDS",grabcut,0.4,0.0986225300000178,133330,0.2999328380672917,0.6687956204379562,0.6687956204379562,0.7672329987163418,1.0284643173217773,0.10636025667190552,1.063591447460429
millbrook,34,"LFENS, RBEDS",grabcut2,0.25,0.0986225300000178,133330,0.2999328380672917,0.5385036496350365,0.5385036496350365,0.7029044812141808,1.304686188697815,0.067050039768219,1.0495408272802629
millbrook,34,"LFENS, RBEDS",superpixel,3.81,0.0986225300000178,133330,0.2999328380672917,0.4366788321167883,0.4366788321167883,0.59375114586198,1.3977657556533813,0.05176209658384323,1.3791211449868537
millbrook,34,"LFENS, RBEDS",pixelclf,1.26,0.0986225300000178,133330,0.2999328380672917,0.5851277372262774,0.5019451888994554,0.6504236317740004,0.8689422607421875,0.05794861540198326,3.407151696117282
millbrook,34,"LFENS, RBEDS",watershed,0.07,0.0986225300000178,133330,0.2999328380672917,0.7707116788321168,0.7647540238246795,0.8136252743188607,1.2815096378326416,0.1221039742231369,1.3389684448152004
millbrook,34,"LFENS, RBEDS",randomwalker,0.09,0.0986225300000178,133330,0.2999328380672917,1.1695255474452555,0.793347914624029,0.5177615529097905,0.7117616534233093,0.1984766721725464,0.8591237964124219
millbrook,34,"LFENS, RBEDS",gac,1.18,0.0986225300000178,133330,0.2999328380672917,0.9358576642335766,0.9050911376492772,0.6859043885423559,1.1756476163864136,0.1436895877122879,1.155964214727505
millbrook,35,"LFENS, RBEDS",orig,0.0,0.02173057500003465,150024,0.2999328380672917,1.0,1.0,0.3827330637850632,0.3633992075920105,0.1369744837284088,6.204012512627697
millbrook,35,"LFENS, RBEDS",grabcut,0.91,0.02173057500003465,150024,0.2999328380672917,4.188741721854305,0.1910688836104513,0.537662718769652,0.500558614730835,0.14627715945243835,1.2644404152233133
millbrook,35,"LFENS, RBEDS",grabcut2,0.93,0.02173057500003465,150024,0.2999328380672917,4.189569536423841,0.190919452887538,0.5384274343204006,0.4970366060733795,0.14692775905132294,1.2641905751886913
millbrook,35,"LFENS, RBEDS",superpixel,4.14,0.02173057500003465,150024,0.2999328380672917,0.9834437086092715,0.9834437086092715,0.3904990180994909,0.35618385672569275,0.13768836855888367,5.493558405018547
millbrook,35,"LFENS, RBEDS",pixelclf,1.31,0.02173057500003465,150024,0.2999328380672917,1.8712748344370862,0.19253910950661854,0.36814035967837383,0.3080483078956604,0.15859203040599823,18.67368714069805
millbrook,35,"LFENS, RBEDS",watershed,0.08,0.02173057500003465,150024,0.2999328380672917,4.487996688741722,0.20023535801575088,0.6276491479520458,0.5368146896362305,0.15368159115314484,2.7758175021180547
millbrook,35,"LFENS, RBEDS",randomwalker,0.09,0.02173057500003465,150024,0.2999328380672917,4.565397350993377,0.2105879175294859,0.40467774768440146,0.06934766471385956,0.25367599725723267,1.3339868076922687
millbrook,35,"LFENS, RBEDS",gac,1.25,0.02173057500003465,150024,0.2999328380672917,0.9263245033112583,0.5269028871391076,0.5141110914317202,0.5778754949569702,0.12492186576128006,6.27232617547148
millbrook,36,"LFENS, RBEDS",orig,0.0,0.07462292500000961,120726,0.2999328380672917,1.0,1.0,0.4584686489332133,1.016399621963501,0.1516241431236267,1.2443581457957067
millbrook,36,"LFENS, RBEDS",grabcut,0.33,0.07462292500000961,120726,0.2999328380672917,0.6424951737451737,0.6383439643759778,0.7764639155731172,1.3627889156341553,0.13429240882396698,1.14664785244113
millbrook,36,"LFENS, RBEDS",grabcut2,0.3,0.07462292500000961,120726,0.2999328380672917,0.5978523166023166,0.5955421686746988,0.7674579057893772,1.331256628036499,0.13365066051483154,1.153495926602653
millbrook,36,"LFENS, RBEDS",superpixel,3.76,0.07462292500000961,120726,0.2999328380672917,0.6294642857142857,0.6148511299772809,0.7508833425679695,1.5087573528289795,0.1158628910779953,1.5913816424989793
millbrook,36,"LFENS, RBEDS",pixelclf,1.17,0.07462292500000961,120726,0.2999328380672917,0.7363658301158301,0.6980530973451328,0.7177686110144734,1.5795214176177979,0.12750130891799927,2.075833696147209
millbrook,36,"LFENS, RBEDS",watershed,0.06,0.07462292500000961,120726,0.2999328380672917,0.6844835907335908,0.6773999759702031,0.8089307095284107,1.6384904384613037,0.12825363874435425,1.7479409751223325
millbrook,36,"LFENS, RBEDS",randomwalker,0.09,0.07462292500000961,120726,0.2999328380672917,1.3449565637065637,0.7191508182220256,0.29465439970531226,0.38814038038253784,0.14920176565647125,0.8252584292376022
millbrook,36,"LFENS, RBEDS",gac,1.0,0.07462292500000961,120726,0.2999328380672917,0.9595801158301158,0.8849814298978644,0.5903467797602284,0.9766649007797241,0.1502755880355835,1.4070893921977734
millbrook,37,"LFENS, RBEDS",orig,0.0,3.665126269767515,1691955,0.2999328380672917,1.0,1.0,0.6111458472620054,0.2441668063402176,0.16335973143577576,17.83259326887503
millbrook,37,"LFENS, RBEDS",grabcut,10.77,3.665126269767515,1691955,0.2999328380672917,1.0820784703557798,0.6676758661093789,0.8540458900925495,0.3191263675689697,0.16013382375240326,2.6964561474508946
millbrook,37,"LFENS, RBEDS",grabcut2,10.18,3.665126269767515,1691955,0.2999328380672917,1.0843587005878528,0.6632143633575347,0.8498217240761342,0.17405661940574646,0.15992574393749237,2.7749775570981297
millbrook,37,"LFENS, RBEDS",superpixel,33.77,3.665126269767515,1691955,0.2999328380672917,1.0124565860363512,0.5979127282648945,0.698357103411031,0.4511192739009857,0.15763482451438904,29.248558738828844
millbrook,37,"LFENS, RBEDS",pixelclf,6.27,3.665126269767515,1691955,0.2999328380672917,1.1225286256028866,0.6300506121525716,0.598804745988666,0.3861742615699768,0.1580858826637268,19.966264709992565
millbrook,37,"LFENS, RBEDS",watershed,1.16,3.665126269767515,1691955,0.2999328380672917,0.7993790115729661,0.6767932296431839,0.8894394642013665,0.16175533831119537,0.1670619696378708,8.29641401155932
millbrook,37,"LFENS, RBEDS",randomwalker,0.54,3.665126269767515,1691955,0.2999328380672917,0.9190775990083822,0.7089484382855019,0.6443993796902212,0.06976921856403351,0.16691456735134125,2.5295258997976804
millbrook,37,"LFENS, RBEDS",gac,14.48,3.665126269767515,1691955,0.2999328380672917,1.0247069940969282,0.9438360845027276,0.7096369010436128,0.2238965928554535,0.16260117292404175,18.086748830139655
millbrook,38,"LFENS, RBEDS",orig,0.0,0.05457418000000073,113448,0.2999328380672917,1.0,1.0,0.5326687517228558,0.43037739396095276,0.11594539135694504,0.9146160054199156
millbrook,38,"LFENS, RBEDS",grabcut,0.44,0.05457418000000073,113448,0.2999328380672917,0.5885554089709762,0.5660868151520078,0.7024679033892506,0.39261168241500854,0.09993413090705872,1.0402820152557397
millbrook,38,"LFENS, RBEDS",grabcut2,0.37,0.05457418000000073,113448,0.2999328380672917,0.5885554089709762,0.5660868151520078,0.7024679033892506,0.39261168241500854,0.09993413090705872,1.0402820152557397
millbrook,38,"LFENS, RBEDS",superpixel,3.58,0.05457418000000073,113448,0.2999328380672917,0.5808047493403694,0.29997287767832925,0.5975237529119768,0.3488655388355255,0.09244950860738754,4.51456417152875
millbrook,38,"LFENS, RBEDS",pixelclf,1.22,0.05457418000000073,113448,0.2999328380672917,1.0844327176781003,0.43294411064505156,0.5589970988542187,0.30210748314857483,0.08676540106534958,8.457478186371146
millbrook,38,"LFENS, RBEDS",watershed,0.06,0.05457418000000073,113448,0.2999328380672917,0.7562664907651715,0.7216294859359845,0.7952204447331332,0.8313896059989929,0.09620492905378342,1.3995640089424237
millbrook,38,"LFENS, RBEDS",randomwalker,0.07,0.05457418000000073,113448,0.2999328380672917,1.3970976253298153,0.6963472984012137,0.4330197722184972,0.10791947692632675,0.13121087849140167,0.8174255738061965
millbrook,38,"LFENS, RBEDS",gac,1.0,0.05457418000000073,113448,0.2999328380672917,0.8395448548812665,0.8212244897959183,0.6685605880376516,0.5672701597213745,0.10844500362873077,1.3055175802374968
millbrook,39,"LFENS, RBEDS",orig,0.0,0.08956469074998318,476046,0.2999328380672917,1.0,1.0,0.39184676014684794,0.10736310482025146,0.186976358294487,20.025337476883237
millbrook,39,"LFENS, RBEDS",grabcut,1.34,0.08956469074998318,476046,0.2999328380672917,0.26280377585860615,0.14662168323151273,0.7567090386578772,0.5573019981384277,0.21402637660503387,2.7367109052866985
millbrook,39,"LFENS, RBEDS",grabcut2,1.11,0.08956469074998318,476046,0.2999328380672917,0.2636071500301265,0.1464103498542274,0.756254204209021,0.559292197227478,0.2136325091123581,2.7102116318778164
millbrook,39,"LFENS, RBEDS",superpixel,9.35,0.08956469074998318,476046,0.2999328380672917,0.9970877686282386,0.9970877686282386,0.3895823932776303,0.10601941496133804,0.18717700242996216,19.554498588634416
millbrook,39,"LFENS, RBEDS",pixelclf,2.51,0.08956469074998318,476046,0.2999328380672917,0.10684876481221128,0.08313679245283019,0.515564406687086,0.3324367105960846,0.2612474858760834,8.19416105267441
millbrook,39,"LFENS, RBEDS",watershed,0.28,0.08956469074998318,476046,0.2999328380672917,0.6101626832697329,0.1967457829526795,0.7547838538095291,0.12780717015266418,0.20818082988262177,4.482126431832117
millbrook,39,"LFENS, RBEDS",randomwalker,0.35,0.08956469074998318,476046,0.2999328380672917,0.7717413135167704,0.2782003912193001,0.4560262674098653,0.10823222249746323,0.22881317138671875,2.326499414060812
millbrook,39,"LFENS, RBEDS",gac,4.04,0.08956469074998318,476046,0.2999328380672917,0.9607350873669411,0.6212737689944366,0.4792421623105919,0.15906603634357452,0.1817612498998642,17.009299839480338
millbrook,40,"LFENS, RBEDS",orig,0.0,0.044129579999997864,109136,0.2999328380672917,1.0,1.0,0.4734193717171614,0.5267298817634583,0.12142297625541687,1.3666459785612006
millbrook,40,"LFENS, RBEDS",grabcut,0.34,0.044129579999997864,109136,0.2999328380672917,1.630181743924852,0.5449202350965575,0.8925521879251149,0.9420730471611023,0.11744295805692673,1.179616644477172
millbrook,40,"LFENS, RBEDS",grabcut2,0.35,0.044129579999997864,109136,0.2999328380672917,1.6365121502960998,0.5429015296367112,0.89552560677579,0.9511563181877136,0.11882668733596802,1.2233621252723108
millbrook,40,"LFENS, RBEDS",superpixel,3.5,0.044129579999997864,109136,0.2999328380672917,0.999795793342863,0.999795793342863,0.4734686767762289,0.5264064073562622,0.1214258149266243,1.3575142975876417
millbrook,40,"LFENS, RBEDS",pixelclf,1.16,0.044129579999997864,109136,0.2999328380672917,0.6728609352664897,0.5772044666923373,0.6606641526787852,1.0844085216522217,0.1075892224907875,3.692225622888019
millbrook,40,"LFENS, RBEDS",watershed,0.06,0.044129579999997864,109136,0.2999328380672917,2.4476209924443535,0.40855998665109294,0.9223784825612552,0.3126799762248993,0.11779400706291199,1.44793685900085
millbrook,40,"LFENS, RBEDS",randomwalker,0.07,0.044129579999997864,109136,0.2999328380672917,1.8872779252603635,0.5298636658731877,0.5916774485998674,0.06596989929676056,0.11862962692975998,0.9320001187627052
millbrook,40,"LFENS, RBEDS",gac,0.95,0.044129579999997864,109136,0.2999328380672917,1.0098019195425771,0.8088586656864547,0.6880762124494716,0.6818639636039734,0.11965171992778778,1.4195043857626892
millbrook,41,"LFENS, RBEDS",orig,0.0,0.14471905475488567,999715,0.2999328380672917,1.0,1.0,0.5897776786878278,0.10407282412052155,0.2464606761932373,33.18379574864594
millbrook,41,"LFENS, RBEDS",grabcut,2.45,0.14471905475488567,999715,0.2999328380672917,0.49071370892602023,0.20295739348370928,0.9033749324439817,1.1394376754760742,0.2010018229484558,3.5661284005131813
millbrook,41,"LFENS, RBEDS",grabcut2,1.81,0.14471905475488567,999715,0.2999328380672917,0.5992297658239643,0.18645161290322582,0.903022812359557,1.1076236963272095,0.18820087611675262,3.389330474372398
millbrook,41,"LFENS, RBEDS",superpixel,19.19,0.14471905475488567,999715,0.2999328380672917,0.1410646624013914,0.09599665891056619,0.7287741130646197,0.0989062488079071,0.11172013729810715,6.600129559889265
millbrook,41,"LFENS, RBEDS",pixelclf,5.21,0.14471905475488567,999715,0.2999328380672917,1.1457854525125784,0.22482626577790385,0.7508658957528923,0.9726107716560364,0.18248315155506134,36.7835494627219
millbrook,41,"LFENS, RBEDS",watershed,0.72,0.14471905475488567,999715,0.2999328380672917,0.4322628734704019,0.2105207895842083,0.9017653237585538,0.9998601675033569,0.19481214880943298,2.8473731847122457
millbrook,41,"LFENS, RBEDS",randomwalker,0.66,0.14471905475488567,999715,0.2999328380672917,0.6493571029256475,0.21003463361283267,0.4726412730330847,0.12054993957281113,0.27996617555618286,1.0421040610905141
millbrook,41,"LFENS, RBEDS",gac,8.22,0.14471905475488567,999715,0.2999328380672917,0.8401764084725759,0.6281945589447651,0.6385201928798521,0.07676474004983902,0.24730324745178223,26.09380944769797
millbrook,42,"LFENS, RBEDS",orig,0.0,0.08029904499998931,128520,0.2999328380672917,1.0,1.0,0.45399738427606984,0.3735331594944,0.1257561445236206,0.9353627424708771
millbrook,42,"LFENS, RBEDS",grabcut,0.91,0.08029904499998931,128520,0.2999328380672917,0.9886910760273205,0.5821307678603242,0.6626704958077506,0.13598760962486267,0.12692448496818542,0.9814254418294113
millbrook,42,"LFENS, RBEDS",grabcut2,0.79,0.08029904499998931,128520,0.2999328380672917,1.197738215205464,0.46532288167226576,0.6327358803239421,0.26528438925743103,0.12018696963787079,0.8549240541770452
millbrook,42,"LFENS, RBEDS",superpixel,3.88,0.08029904499998931,128520,0.2999328380672917,1.086216549098645,0.31516905484576835,0.5906124501772034,0.9939716458320618,0.09729757905006409,8.072294089206418
millbrook,42,"LFENS, RBEDS",pixelclf,1.22,0.08029904499998931,128520,0.2999328380672917,1.8171537341843018,0.35348862230351286,0.5765141350009886,0.9015756845474243,0.10694774240255356,4.99207047932528
millbrook,42,"LFENS, RBEDS",watershed,0.07,0.08029904499998931,128520,0.2999328380672917,1.0038069645056544,0.4980746693453876,0.7412489080664042,0.563524067401886,0.12089309841394424,2.2816853857684665
millbrook,42,"LFENS, RBEDS",randomwalker,0.08,0.08029904499998931,128520,0.2999328380672917,1.3605419325943344,0.7341449370732911,0.428287153641413,0.18081113696098328,0.11878348886966705,0.8346695063006737
millbrook,42,"LFENS, RBEDS",gac,1.08,0.08029904499998931,128520,0.2999328380672917,1.0036949949613705,0.947861108087515,0.4933392714970785,0.3677627444267273,0.12522049248218536,1.1062103025288925
millbrook,43,"LFENS, RBEDS",orig,0.0,0.0353469200000055,100300,0.2999328380672917,1.0,1.0,0.7369672464089215,0.20994313061237335,0.0452999472618103,1.1959710148426224
millbrook,43,"LFENS, RBEDS",grabcut,0.2,0.0353469200000055,100300,0.2999328380672917,2.3069483329091374,0.4311047472188567,0.9565033808527026,1.9532697200775146,0.07284222543239594,1.5634901194603423
millbrook,43,"LFENS, RBEDS",grabcut2,0.17,0.0353469200000055,100300,0.2999328380672917,2.298803766861797,0.43262960097269815,0.9565991549162038,1.921079397201538,0.07142212241888046,1.5541924247902092
millbrook,43,"LFENS, RBEDS",superpixel,3.56,0.0353469200000055,100300,0.2999328380672917,0.9989819292440825,0.9989819292440825,0.736061194011327,0.20965667068958282,0.045316312462091446,1.1775641082446335
millbrook,43,"LFENS, RBEDS",pixelclf,1.1,0.0353469200000055,100300,0.2999328380672917,1.3827946042249937,0.5827557058326289,0.7795793033271319,0.7108801603317261,0.03508512303233147,3.4453544532294385
millbrook,43,"LFENS, RBEDS",watershed,0.05,0.0353469200000055,100300,0.2999328380672917,2.3044031560193434,0.4104291146116241,0.9616291350667099,1.2782522439956665,0.08122985810041428,1.7404825273786488
millbrook,43,"LFENS, RBEDS",randomwalker,0.06,0.0353469200000055,100300,0.2999328380672917,1.834308984474421,0.545164423477175,0.80628630011027,0.5545114278793335,0.07278905063867569,0.8843180406054394
millbrook,43,"LFENS, RBEDS",gac,0.83,0.0353469200000055,100300,0.2999328380672917,1.0038177653346907,0.9230581338544211,0.7763844610746076,0.26225224137306213,0.04646903648972511,1.2509844861359791
millbrook,44,"LFENS, RBEDS",orig,0.0,0.07164957500003065,118650,0.2999328380672917,1.0,1.0,0.730257624042577,0.46859827637672424,0.16261520981788635,0.9792897010281304
millbrook,44,"LFENS, RBEDS",grabcut,0.25,0.07164957500003065,118650,0.2999328380672917,0.8609471171963321,0.7751018451953031,0.9069340641219936,0.6189169883728027,0.12769129872322083,1.2038095360037993
millbrook,44,"LFENS, RBEDS",grabcut2,0.2,0.07164957500003065,118650,0.2999328380672917,0.7174978017836955,0.6672357029630532,0.8980000084001495,0.6441339254379272,0.1057288721203804,1.2622196252686286
millbrook,44,"LFENS, RBEDS",superpixel,3.6,0.07164957500003065,118650,0.2999328380672917,0.3317422434367542,0.3317422434367542,0.6994930084664598,0.3752868175506592,0.08827587962150574,1.4583678995925282
millbrook,44,"LFENS, RBEDS",pixelclf,1.19,0.07164957500003065,118650,0.2999328380672917,0.733324959175983,0.6084625247697867,0.7406059102651081,0.6177231073379517,0.10925494879484177,2.4389718064825057
millbrook,44,"LFENS, RBEDS",watershed,0.06,0.07164957500003065,118650,0.2999328380672917,0.9384499434744379,0.7695218438252494,0.93296186322837,0.5656474828720093,0.13659119606018066,1.282538317678492
millbrook,44,"LFENS, RBEDS",randomwalker,0.08,0.07164957500003065,118650,0.2999328380672917,1.1473432985805803,0.8134082953219476,0.6705413444541132,0.4141734540462494,0.16906265914440155,0.8264765995987278
millbrook,44,"LFENS, RBEDS",gac,0.99,0.07164957500003065,118650,0.2999328380672917,1.0040195955282,0.9143268538516919,0.7898145154661771,0.5177286267280579,0.1574547290802002,1.0386886061450238
millbrook,45,"LFENS, RBEDS",orig,0.0,0.04567973499997606,113076,0.2999328380672917,1.0,1.0,0.7126562534801242,0.9667340517044067,0.13931947946548462,1.1428679424152062
millbrook,45,"LFENS, RBEDS",grabcut,0.29,0.04567973499997606,113076,0.2999328380672917,0.8479117415287628,0.7664783427495292,0.7940331429009397,0.8202953338623047,0.144025057554245,1.0649773143695596
millbrook,45,"LFENS, RBEDS",grabcut2,0.22,0.04567973499997606,113076,0.2999328380672917,0.820133963750985,0.7451832262939176,0.7863331695740795,0.8413516879081726,0.14562611281871796,1.0288680827502013
millbrook,45,"LFENS, RBEDS",superpixel,3.61,0.04567973499997606,113076,0.2999328380672917,0.3479117415287628,0.3479117415287628,0.7106852822844091,0.9414901733398438,0.14220786094665527,1.7310578408318946
millbrook,45,"LFENS, RBEDS",pixelclf,1.18,0.04567973499997606,113076,0.2999328380672917,0.5297478329393223,0.5297478329393223,0.649809118508583,0.9292510747909546,0.1475902497768402,2.2706953567307617
millbrook,45,"LFENS, RBEDS",watershed,0.06,0.04567973499997606,113076,0.2999328380672917,1.0238376674546887,0.8256619868491203,0.8435208229286205,0.9921075105667114,0.13890965282917023,1.191916483087957
millbrook,45,"LFENS, RBEDS",randomwalker,0.07,0.04567973499997606,113076,0.2999328380672917,1.6721828211189913,0.5980207351555137,0.4351221340681815,0.19032475352287292,0.15839233994483948,0.8494107563070696
millbrook,45,"LFENS, RBEDS",gac,0.96,0.04567973499997606,113076,0.2999328380672917,1.115445232466509,0.8802311329014183,0.8012478943060573,1.1170616149902344,0.13391689956188202,1.1819967073497348
millbrook,46,"LFENS, RBEDS",orig,0.0,0.027675240000004788,101352,0.2999328380672917,1.0,1.0,0.5334920460282639,0.8838233947753906,0.12144114077091217,1.1638561279404724
millbrook,46,"LFENS, RBEDS",grabcut,0.19,0.027675240000004788,101352,0.2999328380672917,0.43312723722746505,0.43312723722746505,0.8941298675915234,0.548918604850769,0.15293343365192413,1.2919531049108817
millbrook,46,"LFENS, RBEDS",grabcut2,0.17,0.027675240000004788,101352,0.2999328380672917,0.43312723722746505,0.43312723722746505,0.8941298675915234,0.548918604850769,0.15293343365192413,1.2919531049108817
millbrook,46,"LFENS, RBEDS",superpixel,3.49,0.027675240000004788,101352,0.2999328380672917,0.9993491701919948,0.9993491701919948,0.5314737134888686,0.8827603459358215,0.12146895378828049,1.142743892926178
millbrook,46,"LFENS, RBEDS",pixelclf,1.12,0.027675240000004788,101352,0.2999328380672917,0.37162382037097297,0.37162382037097297,0.871460067677212,0.5582989454269409,0.15263618528842926,1.652591344293954
millbrook,46,"LFENS, RBEDS",watershed,0.05,0.027675240000004788,101352,0.2999328380672917,0.6736088512853888,0.5315664085765337,0.8977816059472613,0.6045487523078918,0.1418626755475998,1.2594384276892716
millbrook,46,"LFENS, RBEDS",randomwalker,0.07,0.027675240000004788,101352,0.2999328380672917,1.633257403189066,0.551975450709628,0.37948362912188277,0.22217123210430145,0.13121819496154785,0.8098224619806382
millbrook,46,"LFENS, RBEDS",gac,0.89,0.027675240000004788,101352,0.2999328380672917,1.1392775789131142,0.8105205177637015,0.7104924542547625,0.9274109601974487,0.12153365463018417,1.276717223440256
millbrook,47,"LFENS, RBEDS",orig,0.0,0.11077929000001085,133284,0.2999328380672917,1.0,1.0,0.6203914198253354,0.6456131935119629,0.15574698150157928,0.9133997415994072
millbrook,47,"LFENS, RBEDS",grabcut,0.36,0.11077929000001085,133284,0.2999328380672917,0.6632296825525696,0.6419010980203574,0.8968083992264081,0.5601098537445068,0.10634538531303406,1.10632070828764
millbrook,47,"LFENS, RBEDS",grabcut2,0.2,0.11077929000001085,133284,0.2999328380672917,0.007875294308679061,0.007875294308679061,0.7525200752849984,0.2117152214050293,0.019387701526284218,1.0049732231318134
millbrook,47,"LFENS, RBEDS",superpixel,3.8,0.11077929000001085,133284,0.2999328380672917,1.0,1.0,0.6203914198253354,0.6456131935119629,0.15574698150157928,0.9133997415994072
millbrook,47,"LFENS, RBEDS",pixelclf,1.17,0.11077929000001085,133284,0.2999328380672917,0.005358447673946578,0.005358447673946578,0.574674115909373,0.10254720598459244,0.019035523757338524,1.6506296749454903
millbrook,47,"LFENS, RBEDS",watershed,0.07,0.11077929000001085,133284,0.2999328380672917,0.3077859868474466,0.30767981815229745,0.9392883412839762,0.5858576893806458,0.07769262045621872,1.4299385226012928
millbrook,47,"LFENS, RBEDS",randomwalker,0.13,0.11077929000001085,133284,0.2999328380672917,0.13720873589348057,0.13720873589348057,0.734307507731349,0.16039085388183594,0.048262715339660645,0.7835791147906008
millbrook,47,"LFENS, RBEDS",gac,1.17,0.11077929000001085,133284,0.2999328380672917,0.9375659657384103,0.8940476190476191,0.7925346950910697,0.910605251789093,0.1362730860710144,1.0267340622151038
