site,pid,hab,method,secs,d_eff,area_ha,win_px,res,area_ratio,iou_orig,edge_pct,contrast,in_std,compact
millbrook,0,DWOOD,orig,0.0,4.0,0.042445998500073266,138351,0.2999328380672917,1.0,1.0,0.5770157028672663,0.24522404372692108,0.09958407282829285,2.780252670569697
millbrook,0,DWOOD,grabcut2,0.27,4.0,0.042445998500073266,138351,0.2999328380672917,1.0822382365409071,0.7277523742525501,0.8008758533447841,0.28033944964408875,0.10133387893438339,2.5311589456141435
millbrook,1,DWOOD,orig,0.0,9.010263892530267,0.6655653944364446,624016,0.2999328380672917,1.0,1.0,0.5354895180151353,0.23975500464439392,0.06322039663791656,3.242024896761471
millbrook,1,DWOOD,grabcut2,2.96,9.010263892530267,0.6655653944364446,624016,0.2999328380672917,1.3985913779351926,0.6957136713336838,0.8085818974702612,0.5301529169082642,0.06045415252447128,2.334115586656974
millbrook,2,DWOOD,orig,0.0,13.638985284926958,4.710843751410352,1707827,0.5998656761345834,1.0,1.0,0.5939403819610117,0.261170357465744,0.09399707615375519,8.040334468985264
millbrook,2,DWOOD,grabcut2,3.46,13.638985284926958,4.710843751410352,1707827,0.5998656761345834,1.0120293166828433,0.654972120419671,0.7829576453937815,0.46518760919570923,0.06006735935807228,4.156662560592093
millbrook,3,DWOOD,orig,0.0,6.601618826865847,0.4697749956899808,387810,0.2999328380672917,1.0,1.0,0.6004736190534679,0.27518513798713684,0.09935512393712997,4.224805256074933
millbrook,3,DWOOD,grabcut2,1.95,6.601618826865847,0.4697749956899808,387810,0.2999328380672917,0.8998985004883467,0.5984886325185699,0.8694544403075822,0.6558120250701904,0.10576295107603073,1.1248637164845092
millbrook,4,DWOOD,orig,0.0,4.0,0.08853336104990175,396952,0.2999328380672917,1.0,1.0,0.7244782053765824,0.5708643794059753,0.06273619085550308,12.452505622740603
millbrook,4,DWOOD,grabcut2,0.76,4.0,0.08853336104990175,396952,0.2999328380672917,0.8449012823122328,0.46169972585066926,0.8443922241156746,0.3409813940525055,0.06098046898841858,6.587436897459482
millbrook,5,DWOOD,orig,0.0,15.0,1.6914090643252675,720318,0.2999328380672917,1.0,1.0,0.5976145029155931,0.2555757164955139,0.09654677659273148,1.7995670357508764
millbrook,5,DWOOD,grabcut2,4.49,15.0,1.6914090643252675,720318,0.2999328380672917,0.9569881607080173,0.7808091221039691,0.8013140660716881,0.2737917900085449,0.06984099745750427,1.4859666833121725
millbrook,6,DWOOD,orig,0.0,4.0,0.04033630430005902,148379,0.2999328380672917,1.0,1.0,0.5701692696905608,0.28941625356674194,0.05196237936615944,3.515130225939391
millbrook,6,DWOOD,grabcut2,0.29,4.0,0.04033630430005902,148379,0.2999328380672917,1.2612090118224404,0.6211418519110827,0.7738255426913847,0.6527851819992065,0.05473082512617111,2.2745026020005885
millbrook,7,DWOOD,orig,0.0,15.0,1.9673447735000908,1068210,0.2999328380672917,1.0,1.0,0.5515864647126778,0.09122742712497711,0.0554145872592926,2.4127796655037486
millbrook,7,DWOOD,grabcut2,6.33,15.0,1.9673447735000908,1068210,0.2999328380672917,1.362286168943111,0.7122714677767908,0.8096177977103435,0.4468913972377777,0.05063854902982712,2.265048946105528
millbrook,8,DWOOD,orig,0.0,14.143573928523129,0.9587119353655297,595653,0.2999328380672917,1.0,1.0,0.6510208222555203,0.250974178314209,0.07666429877281189,1.976670820557131
millbrook,8,DWOOD,grabcut2,2.21,14.143573928523129,0.9587119353655297,595653,0.2999328380672917,1.1426493633232928,0.708492330714553,0.8514369496839621,0.24994854629039764,0.06564947217702866,2.3072774611069655
millbrook,9,DWOOD,orig,0.0,5.211915690863888,0.16157965616545633,250416,0.2999328380672917,1.0,1.0,0.5739430357116527,0.19427980482578278,0.04692662134766579,2.34786988141221
millbrook,9,DWOOD,grabcut2,0.57,5.211915690863888,0.16157965616545633,250416,0.2999328380672917,1.2653788342704448,0.6562067562067562,0.8110811858467989,0.27296146750450134,0.038308702409267426,2.4351336471013276
millbrook,10,DWOOD,orig,0.0,15.0,1.3266043873202586,532228,0.2999328380672917,1.0,1.0,0.639392392491294,0.10639344155788422,0.08946997672319412,1.7523330185462618
millbrook,10,DWOOD,grabcut2,2.59,15.0,1.3266043873202586,532228,0.2999328380672917,1.1945504974129104,0.7564765714471806,0.8601703061227202,0.5804345607757568,0.0864156037569046,1.751434861155416
millbrook,11,DWOOD,orig,0.0,5.371379432091006,0.2070589935649336,331520,0.2999328380672917,1.0,1.0,0.6729414312432695,0.42295247316360474,0.15373146533966064,2.35365968064317
millbrook,11,DWOOD,grabcut2,0.87,5.371379432091006,0.2070589935649336,331520,0.2999328380672917,0.9137841126368851,0.6599449700350534,0.8598905675120445,0.5963248014450073,0.0935722067952156,2.4706708380908116
millbrook,12,DWOOD,orig,0.0,14.233595642854434,1.104746217074816,501772,0.2999328380672917,1.0,1.0,0.6411831787731906,0.3358675539493561,0.13669322431087494,2.4390062454524095
millbrook,12,DWOOD,grabcut2,3.5,14.233595642854434,1.104746217074816,501772,0.2999328380672917,1.33997312594161,0.7154038112522686,0.8771696316607053,0.7764276266098022,0.142403706908226,2.147051369724361
millbrook,13,DWOOD,orig,0.0,4.0,0.11837667283143123,265815,0.2999328380672917,1.0,1.0,0.7409548587301459,0.662889301776886,0.1449953317642212,2.5782653342782464
millbrook,13,DWOOD,grabcut2,0.49,4.0,0.11837667283143123,265815,0.2999328380672917,1.0780335840741584,0.7368855582370126,0.8888402479990285,0.7149369120597839,0.097926065325737,2.8194307142788637
millbrook,14,DWOOD,orig,0.0,4.5772551069294956,0.06018478799996145,113696,0.2999328380672917,1.0,1.0,0.6378973644627047,0.3810155987739563,0.06922531127929688,1.248501666867046
millbrook,14,DWOOD,grabcut2,0.28,4.5772551069294956,0.06018478799996145,113696,0.2999328380672917,0.8408309669705575,0.7563097105375731,0.7456527052776014,0.37102407217025757,0.062166862189769745,1.1488944412228224
millbrook,15,DWOOD,orig,0.0,7.122282442741447,0.9507631216995848,813400,0.2999328380672917,1.0,1.0,0.6457918883022081,0.25017982721328735,0.10915583372116089,8.19827505922492
millbrook,15,DWOOD,grabcut2,3.12,7.122282442741447,0.9507631216995848,813400,0.2999328380672917,0.9644009271084623,0.7666071124723498,0.8607473631271864,0.36560681462287903,0.10349240899085999,4.8788448054989395
millbrook,16,DWOOD,orig,0.0,10.131336930857248,1.909376633348928,1907061,0.2999328380672917,1.0,1.0,0.6922301797761661,0.21572136878967285,0.10999280214309692,7.645669494272651
millbrook,16,DWOOD,grabcut2,6.98,10.131336930857248,1.909376633348928,1907061,0.2999328380672917,1.2704424145062587,0.7435630275206124,0.8417290630955468,0.3528461158275604,0.10043549537658691,7.7084033480979235
millbrook,17,DWOOD,orig,0.0,9.527706710516336,0.7063007670300893,597536,0.2999328380672917,1.0,1.0,0.5448482257546634,0.477870374917984,0.10394670814275742,3.4386150987178565
millbrook,17,DWOOD,grabcut2,3.15,9.527706710516336,0.7063007670300893,597536,0.2999328380672917,0.995568064594185,0.7375500382563954,0.8430393704273275,0.6647847890853882,0.1109820082783699,2.983601918344774
millbrook,18,DWOOD,orig,0.0,15.0,2.10546882388957,722800,0.2999328380672917,1.0,1.0,0.6124334468054793,0.149847149848938,0.3813125789165497,1.8840586042174943
millbrook,18,DWOOD,grabcut2,5.02,15.0,2.10546882388957,722800,0.2999328380672917,0.9886648152104252,0.7792588571690698,0.84310862211165,0.17592833936214447,0.39142706990242004,2.4884961423598053
millbrook,19,DWOOD,orig,0.0,8.037085931799671,0.627208570999743,438600,0.2999328380672917,1.0,1.0,0.6671434440655112,0.2063301056623459,0.06112246960401535,4.2503162757479
millbrook,19,DWOOD,grabcut2,1.28,8.037085931799671,0.627208570999743,438600,0.2999328380672917,1.1106964460010336,0.7748916703882968,0.8752977748183058,0.9064128994941711,0.05022605508565903,2.586829330793365
millbrook,20,DWOOD,orig,0.0,6.306027601305579,0.15293272652650902,177472,0.2999328380672917,1.0,1.0,0.39000169172886917,0.11475829035043716,0.16257786750793457,1.6681641604646316
millbrook,20,DWOOD,grabcut2,0.76,6.306027601305579,0.15293272652650902,177472,0.2999328380672917,0.6889777673214916,0.6512938470385279,0.5443171459216575,0.06319361180067062,0.13816674053668976,1.539213350947126
millbrook,21,DWOOD,orig,0.0,6.623356340349719,0.16836399749982714,189888,0.2999328380672917,1.0,1.0,0.6098264563036384,0.3157460689544678,0.11097568273544312,1.7360235485982207
millbrook,21,DWOOD,grabcut2,0.48,6.623356340349719,0.16836399749982714,189888,0.2999328380672917,0.8572955067585617,0.7680297019631777,0.8618407021712061,0.2331947386264801,0.07698283344507217,1.662572051510348
millbrook,22,DWOOD,orig,0.0,5.491141164842536,0.14251329469988813,194032,0.2999328380672917,1.0,1.0,0.46961326647962287,0.12784099578857422,0.07311960309743881,2.109393258760786
millbrook,22,DWOOD,grabcut2,0.65,5.491141164842536,0.14251329469988813,194032,0.2999328380672917,0.9270879363676535,0.6222234031246678,0.7445145168827612,0.359711617231369,0.075227752327919,1.3600725136527585
millbrook,23,DWOOD,orig,0.0,10.497752596897719,0.34212717073778026,262013,0.2999328380672917,1.0,1.0,0.7621814653712129,0.41339436173439026,0.12346619367599487,0.8572425201909413
millbrook,23,DWOOD,grabcut2,1.2,10.497752596897719,0.34212717073778026,262013,0.2999328380672917,0.9452436683060254,0.841045426260112,0.9030743191720941,0.7528917193412781,0.0993601530790329,1.06947241850481
millbrook,24,DWOOD,orig,0.0,12.135466936401029,1.125542833706879,788670,0.2999328380672917,1.0,1.0,0.6578630846829501,0.09782300889492035,0.22960931062698364,3.642248927832382
millbrook,24,DWOOD,grabcut2,4.19,12.135466936401029,1.125542833706879,788670,0.2999328380672917,0.8423118116277954,0.6425379994441712,0.8104461526340352,0.2763368487358093,0.028996216133236885,3.207504834773681
millbrook,25,LFENS,orig,0.0,4.0,0.03553290042003457,133931,0.2999328380672917,1.0,1.0,0.557340940198732,0.3543836176395416,0.06533902138471603,2.512942005035223
millbrook,25,LFENS,grabcut2,0.2,4.0,0.03553290042003457,133931,0.2999328380672917,0.38443993917891534,0.34457297563376815,0.7846956086908002,0.6260875463485718,0.057479336857795715,1.1490210525658786
millbrook,26,LFENS,orig,0.0,5.3457594881840365,0.08784979422500878,124560,0.2999328380672917,1.0,1.0,0.5621947455041747,0.13416096568107605,0.35980504751205444,1.303880742176306
millbrook,26,LFENS,grabcut2,0.32,5.3457594881840365,0.08784979422500878,124560,0.2999328380672917,0.7178699436763953,0.7133081401286896,0.6753224551742264,0.527713418006897,0.30835822224617004,1.0422151334039815
millbrook,27,LFENS,orig,0.0,4.0,0.12234381126594501,388145,0.2999328380672917,1.0,1.0,0.6433441577075196,0.11703020334243774,0.10494110733270645,6.1835440213391735
millbrook,27,LFENS,grabcut2,0.69,4.0,0.12234381126594501,388145,0.2999328380672917,0.7252205882352941,0.49170322334541294,0.5661072008095924,0.17236429452896118,0.07098667323589325,1.583392397183482
millbrook,28,LFENS,orig,0.0,4.0,0.028679951049975345,112554,0.2999328380672917,1.0,1.0,0.7801900648827591,0.10221341997385025,0.15985074639320374,3.9602229980409343
millbrook,28,LFENS,grabcut2,0.2,4.0,0.028679951049975345,112554,0.2999328380672917,1.0870248193528118,0.54022722003246,0.9060778022316484,0.25416263937950134,0.16359803080558777,1.0142677731723388
millbrook,29,"LFENS, RBEDS",orig,0.0,11.773659285882381,6.641865169259671,2084076,0.2999328380672917,1.0,1.0,0.6310378465464073,0.40534156560897827,0.18486040830612183,19.088494432170698
millbrook,29,"LFENS, RBEDS",grabcut2,9.61,11.773659285882381,6.641865169259671,2084076,0.2999328380672917,1.098082265253908,0.7822959405569222,0.8193089966342054,0.3332274556159973,0.1649993360042572,3.633202668703904
millbrook,30,"LFENS, RBEDS",orig,0.0,4.0,0.04613304499999595,123728,0.2999328380672917,1.0,1.0,0.7306881385828754,1.0222722291946411,0.1189860925078392,2.2168741361612763
millbrook,30,"LFENS, RBEDS",grabcut2,0.22,4.0,0.04613304499999595,123728,0.2999328380672917,0.6802495613179957,0.6180998873450995,0.9240526358125043,1.2260315418243408,0.14575612545013428,2.5749436020783345
millbrook,31,"LFENS, RBEDS",orig,0.0,4.0,0.028572394999998967,99160,0.2999328380672917,1.0,1.0,0.7085152167092467,0.9840472936630249,0.07603035867214203,1.2652668018258797
millbrook,31,"LFENS, RBEDS",grabcut2,0.23,4.0,0.028572394999998967,99160,0.2999328380672917,0.7399497487437185,0.7394034536891679,0.8639911716754067,1.3419630527496338,0.057700786739587784,1.2451374834761524
millbrook,32,"LFENS, RBEDS",orig,0.0,4.0,0.05944036499984603,563570,0.2999328380672917,1.0,1.0,0.6435386560711359,0.26567158102989197,0.2017706036567688,30.590965697592708
millbrook,32,"LFENS, RBEDS",grabcut2,1.04,4.0,0.05944036499984603,563570,0.2999328380672917,0.7709692097679357,0.35358219336888475,0.7461376276335325,0.37743306159973145,0.1738424152135849,6.881721343690867
millbrook,33,"LFENS, RBEDS",orig,0.0,6.291254607668178,0.10574504999999106,142956,0.2999328380672917,1.0,1.0,0.5046875577367637,1.365741491317749,0.13319186866283417,1.0456577252679997
millbrook,33,"LFENS, RBEDS",grabcut2,0.34,6.291254607668178,0.10574504999999106,142956,0.2999328380672917,0.5735068912710567,0.5735068912710567,0.7281592213107096,0.4875528812408447,0.14550624787807465,1.1126089772636143
millbrook,34,"LFENS, RBEDS",orig,0.0,6.324529421929535,0.0986225300000178,133330,0.2999328380672917,1.0,1.0,0.6037356780693711,0.9865503311157227,0.1579594612121582,1.0047672283224838
millbrook,34,"LFENS, RBEDS",grabcut2,0.22,6.324529421929535,0.0986225300000178,133330,0.2999328380672917,0.5291970802919708,0.5291970802919708,0.6883587035328057,1.3067835569381714,0.06371168047189713,1.045154046980019
millbrook,35,"LFENS, RBEDS",orig,0.0,4.0,0.02173057500003465,150024,0.2999328380672917,1.0,1.0,0.3827330637850632,0.3633992075920105,0.1369744837284088,6.204012512627697
millbrook,35,"LFENS, RBEDS",grabcut2,0.31,4.0,0.02173057500003465,150024,0.2999328380672917,1.6175496688741722,0.3877551020408163,0.48647297513478927,0.28448033332824707,0.1688593029975891,2.2580005737611546
millbrook,36,"LFENS, RBEDS",orig,0.0,5.198578772913037,0.07462292500000961,120726,0.2999328380672917,1.0,1.0,0.4584686489332133,1.016399621963501,0.1516241431236267,1.2443581457957067
millbrook,36,"LFENS, RBEDS",grabcut2,0.25,5.198578772913037,0.07462292500000961,120726,0.2999328380672917,0.6429777992277992,0.6388253700806354,0.7749458666346976,1.362142562866211,0.13425271213054657,1.162392561945602
millbrook,37,"LFENS, RBEDS",orig,0.0,8.96319835197693,3.665126269767515,1691955,0.2999328380672917,1.0,1.0,0.6111458472620054,0.2441668063402176,0.16335973143577576,17.83259326887503
millbrook,37,"LFENS, RBEDS",grabcut2,8.74,8.96319835197693,3.665126269767515,1691955,0.2999328380672917,0.9883779438655916,0.747012635242817,0.8468914610543588,0.32536202669143677,0.16454076766967773,4.158029405254914
millbrook,38,"LFENS, RBEDS",orig,0.0,4.690081115869569,0.05457418000000073,113448,0.2999328380672917,1.0,1.0,0.5326687517228558,0.43037739396095276,0.11594539135694504,0.9146160054199156
millbrook,38,"LFENS, RBEDS",grabcut2,0.32,4.690081115869569,0.05457418000000073,113448,0.2999328380672917,0.5788258575197889,0.5564948788814826,0.7059966860326938,0.40395015478134155,0.10056103020906448,1.0577682371645967
millbrook,39,"LFENS, RBEDS",orig,0.0,4.0,0.08956469074998318,476046,0.2999328380672917,1.0,1.0,0.39184676014684794,0.10736310482025146,0.186976358294487,20.025337476883237
millbrook,39,"LFENS, RBEDS",grabcut2,0.6,4.0,0.08956469074998318,476046,0.2999328380672917,0.05643703554930709,0.04045099396696667,0.893700547920521,0.9655769467353821,0.1246873065829277,1.1469350881177511
millbrook,40,"LFENS, RBEDS",orig,0.0,4.0,0.044129579999997864,109136,0.2999328380672917,1.0,1.0,0.4734193717171614,0.5267298817634583,0.12142297625541687,1.3666459785612006
millbrook,40,"LFENS, RBEDS",grabcut2,0.25,4.0,0.044129579999997864,109136,0.2999328380672917,1.071268123340821,0.6221013913321606,0.8290890330806124,0.9646428227424622,0.12477520853281021,1.1892630135726834
millbrook,41,"LFENS, RBEDS",orig,0.0,4.0,0.14471905475488567,999715,0.2999328380672917,1.0,1.0,0.5897776786878278,0.10407282412052155,0.2464606761932373,33.18379574864594
millbrook,41,"LFENS, RBEDS",grabcut2,1.59,4.0,0.14471905475488567,999715,0.2999328380672917,0.09416733958630971,0.08607189099204636,0.8578874214445233,0.39562925696372986,0.1545465886592865,1.5170111660144376
millbrook,42,"LFENS, RBEDS",orig,0.0,5.663569101949025,0.08029904499998931,128520,0.2999328380672917,1.0,1.0,0.45399738427606984,0.3735331594944,0.1257561445236206,0.9353627424708771
millbrook,42,"LFENS, RBEDS",grabcut2,0.43,5.663569101949025,0.08029904499998931,128520,0.2999328380672917,0.8034934497816594,0.597441237726867,0.6499807146914505,0.34748250246047974,0.13333478569984436,1.0181059204517713
millbrook,43,"LFENS, RBEDS",orig,0.0,4.0,0.0353469200000055,100300,0.2999328380672917,1.0,1.0,0.7369672464089215,0.20994313061237335,0.0452999472618103,1.1959710148426224
millbrook,43,"LFENS, RBEDS",grabcut2,0.14,4.0,0.0353469200000055,100300,0.2999328380672917,1.5212522270297786,0.6419691695673794,0.875957282473567,0.6695534586906433,0.04829121381044388,1.3976450816475494
millbrook,44,"LFENS, RBEDS",orig,0.0,5.439831916461374,0.07164957500003065,118650,0.2999328380672917,1.0,1.0,0.730257624042577,0.46859827637672424,0.16261520981788635,0.9792897010281304
millbrook,44,"LFENS, RBEDS",grabcut2,0.18,5.439831916461374,0.07164957500003065,118650,0.2999328380672917,0.7669890717246577,0.711730348016549,0.9003261292717677,0.6042674779891968,0.11995653808116913,1.2931664942919519
millbrook,45,"LFENS, RBEDS",orig,0.0,4.0,0.04567973499997606,113076,0.2999328380672917,1.0,1.0,0.7126562534801242,0.9667340517044067,0.13931947946548462,1.1428679424152062
millbrook,45,"LFENS, RBEDS",grabcut2,0.2,4.0,0.04567973499997606,113076,0.2999328380672917,0.7994483845547675,0.7237214568786563,0.7863336299343939,0.7785001993179321,0.14360642433166504,1.0737663952611904
millbrook,46,"LFENS, RBEDS",orig,0.0,4.0,0.027675240000004788,101352,0.2999328380672917,1.0,1.0,0.5334920460282639,0.8838233947753906,0.12144114077091217,1.1638561279404724
millbrook,46,"LFENS, RBEDS",grabcut2,0.13,4.0,0.027675240000004788,101352,0.2999328380672917,0.3143507972665148,0.3143507972665148,0.9207942234435805,0.4965823292732239,0.15981005132198334,1.1665596009960297
millbrook,47,"LFENS, RBEDS",orig,0.0,7.051922392307168,0.11077929000001085,133284,0.2999328380672917,1.0,1.0,0.6203914198253354,0.6456131935119629,0.15574698150157928,0.9133997415994072
millbrook,47,"LFENS, RBEDS",grabcut2,0.23,7.051922392307168,0.11077929000001085,133284,0.2999328380672917,0.6865308110741252,0.6666399229781772,0.8942693084150634,0.6344596147537231,0.10418080538511276,1.2061219327359078
